source_rowid,dsld_id,ingredient,raw_amount,raw_unit,parse_status,grams
99909,10571,HPLC Pure Creatine Monohydrate,5000,mg,usable,5.0
99910,10572,HPLC Pure Creatine Monohydrate,4200,mg,usable,4.2
101141,10740,Creatine Monohydrate,750,mg,usable,0.75
102532,10939,Creatine Monohydrate,200,mg,usable,0.2
102605,10960,Creatine Monohydrate,5000,mg,usable,5.0
114062,12395,Creatine Monohydrate,5000,mg,usable,5.0
114063,12395,Creatine Monohydrate,1667,mg,usable,1.667
114470,12442,Creatine Monohydrate,10,g,usable,10.0
114471,12442,Creatine Monohydrate,5,g,usable,5.0
114472,12442,Creatine Monohydrate,10,g,usable,10.0
114939,12478,Creatine Monohydrate,3,g,usable,3.0
115007,12492,Creatine Monohydrate,3,g,usable,3.0
115028,12494,Creatine Monohydrate,3,g,usable,3.0
115058,12498,Creatine Monohydrate,3,g,usable,3.0
115077,12499,Creatine Monohydrate,3,g,usable,3.0
115096,12500,Creatine Monohydrate,3,g,usable,3.0
115382,12542,Creatine Monohydrate,,,missing_amount,
115918,12650,Creatine Monohydrate,3,g,usable,3.0
116248,12707,Creatine Monohydrate,3,g,usable,3.0
116493,12734,Creatine Monohydrate,4.5,g,usable,4.5
116522,12736,Creatine Monohydrate,3,g,usable,3.0
116706,12757,Creatine Monohydrate,3,g,usable,3.0
116744,12766,Creatine Monohydrate,,,missing_amount,
116830,12777,Creatine Monohydrate,3,g,usable,3.0
116979,12786,Creatine Monohydrate,3,g,usable,3.0
117015,12788,Creatine Monohydrate,3,g,usable,3.0
117073,12792,Creatine Monohydrate,3,g,usable,3.0
117204,12798,Creatine Monohydrate,3,g,usable,3.0
117263,12803,Creatine Monohydrate,3,g,usable,3.0
117757,12850,Creatine Monohydrate,3,g,usable,3.0
117795,12852,Creatine Monohydrate,3,g,usable,3.0
117804,12854,Creatine Monohydrate,750,mg,usable,0.75
117942,12858,Creatine Monohydrate,3,g,usable,3.0
119512,12990,Creatine Monohydrate,5000,mg,usable,5.0
119680,13018,Creatine Monohydrate,5,g,usable,5.0
119682,13019,Creatine Monohydrate,5,g,usable,5.0
119684,13020,Creatine Monohydrate,5,g,usable,5.0
119688,13022,Creatine Monohydrate,5,g,usable,5.0
119694,13024,Creatine Monohydrate,4.5,g,usable,4.5
119713,13029,Creatine Monohydrate,4.5,g,usable,4.5
120052,13106,Creatine Monohydrate,2.5,g,usable,2.5
5391,1312,Creatine Monohydrate,,,missing_amount,
121039,13265,Creatine Monohydrate,,,missing_amount,
121149,13274,Creatine Monohydrate,,,missing_amount,
121195,13278,Creatine Monohydrate,,,missing_amount,
121252,13283,Creatine Monohydrate,,,missing_amount,
121377,13301,Creatine Monohydrate,5,g,usable,5.0
125785,13927,Creatine Monohydrate,10,g,usable,10.0
125786,13927,Creatine Monohydrate,5,g,usable,5.0
129580,14420,Creatine Monohydrate,1667,mg,usable,1.667
129581,14420,Creatine Monohydrate,5000,mg,usable,5.0
129678,14436,Creatine Monohydrate,5,g,usable,5.0
130770,14523,Creatine Monohydrate,,,missing_amount,
132012,14625,Creatine Monohydrate,1500,mg,usable,1.5
132197,14653,Creatine Monohydrate,1500,mg,usable,1.5
132220,14655,Creatine Monohydrate,1500,mg,usable,1.5
132236,14657,Creatine Monohydrate,5,g,usable,5.0
6192,1497,HPLC Pure Creatine Monohydrate,5000,mg,usable,5.0
137587,15220,Creatine Monohydrate,80,mg,usable,0.08
138631,15357,Creatine Monohydrate,100,mg,usable,0.1
140987,15499,HPLC Pure Creatine Monohydrate,4200,mg,usable,4.2
140988,15500,HPLC Pure Creatine Monohydrate,4200,mg,usable,4.2
142157,15583,Creatine Monohydrate,3000,mg,usable,3.0
142304,15594,Creatine Monohydrate,3000,mg,usable,3.0
142993,15636,Creatine Monohydrate,2,g,usable,2.0
143481,15668,Creatine Monohydrate,,,missing_amount,
143501,15671,HPLC Pure Creatine Monohydrate,5000,mg,usable,5.0
143514,15674,Creatine Monohydrate,,,missing_amount,
143515,15674,Creatine Monohydrate,,,missing_amount,
143800,15691,HPLC Pure Creatine Monohydrate,5000,mg,usable,5.0
144762,15757,Creatine Monohydrate,750,mg,usable,0.75
144845,15765,Creatine Monohydrate,750,mg,usable,0.75
144998,15772,Creatine Monohydrate,,,missing_amount,
145387,15812,Creatine Monohydrate,3200,mg,usable,3.2
146382,15884,Creatine Monohydrate,10,g,usable,10.0
146383,15884,Creatine Monohydrate,10,g,usable,10.0
146384,15884,Creatine Monohydrate,5,g,usable,5.0
146543,15894,Creatine Monohydrate,10,g,usable,10.0
146544,15894,Creatine Monohydrate,5,g,usable,5.0
146545,15894,Creatine Monohydrate,10,g,usable,10.0
828752,164411,Creatine Monohydrate,1667,mg,usable,1.667
828868,166479,Creatine Monohydrate,1,Gram(s),usable,1.0
828869,166479,Creatine Monohydrate,1,Gram(s),usable,1.0
828891,166675,Creatine Monohydrate,1000,mg,usable,1.0
155148,16968,Creatine Monohydrate,5,g,usable,5.0
828939,169991,Creatine Monohydrate,,,missing_amount,
155730,17023,Creatine Monohydrate,49,mg,usable,0.049
829064,170351,Creatine Monohydrate,,,missing_amount,
156265,17046,Creatine Monohydrate,,,missing_amount,
829248,171549,Creatine Monohydrate,,,missing_amount,
829256,171624,Creatine Monohydrate,1875,mg,usable,1.875
829686,173674,Creatine Monohydrate,,,missing_amount,
831662,173870,Creatine Monohydrate,5,Gram(s),usable,5.0
834876,174102,Creatine Monohydrate,5,Gram(s),usable,5.0
835481,174157,Creatine Monohydrate,1,Gram(s),usable,1.0
835482,174157,Creatine Monohydrate,1,Gram(s),usable,1.0
835884,174174,Creatine Monohydrate,1,Gram(s),usable,1.0
835885,174174,Creatine Monohydrate,1,Gram(s),usable,1.0
836007,174180,Creatine Monohydrate,1,Gram(s),usable,1.0
836353,174238,Creatine Monohydrate,1,Gram(s),usable,1.0
836354,174238,Creatine Monohydrate,1,Gram(s),usable,1.0
836419,174241,Creatine Monohydrate,1,Gram(s),usable,1.0
836473,174242,Creatine Monohydrate,1,Gram(s),usable,1.0
836474,174242,Creatine Monohydrate,1,Gram(s),usable,1.0
837512,174364,Creatine Monohydrate,1,Gram(s),usable,1.0
837513,174364,Creatine Monohydrate,1,Gram(s),usable,1.0
838150,174421,Creatine Monohydrate,1,Gram(s),usable,1.0
838151,174421,Creatine Monohydrate,1,Gram(s),usable,1.0
838224,174427,Creatine Monohydrate,1,Gram(s),usable,1.0
838225,174427,Creatine Monohydrate,1,Gram(s),usable,1.0
838537,174463,Creatine Monohydrate,1,Gram(s),usable,1.0
838538,174463,Creatine Monohydrate,1,Gram(s),usable,1.0
838656,174470,Creatine Monohydrate,1,Gram(s),usable,1.0
838657,174470,Creatine Monohydrate,1,Gram(s),usable,1.0
838719,174473,Creatine Monohydrate,1,Gram(s),usable,1.0
838720,174473,Creatine Monohydrate,1,Gram(s),usable,1.0
839208,174586,Creatine Monohydrate,1,Gram(s),usable,1.0
839209,174586,Creatine Monohydrate,1,Gram(s),usable,1.0
839336,174595,Creatine Monohydrate,1,Gram(s),usable,1.0
839337,174595,Creatine Monohydrate,1,Gram(s),usable,1.0
840568,174691,PharmaPure Creatine Monohydrate,3,Gram(s),usable,3.0
841170,174741,PharmaPure Creatine Monohydrate,2,Gram(s),usable,2.0
841293,174747,PharmaPure Creatine Monohydrate,2,Gram(s),usable,2.0
841396,174752,PharmaPure Creatine Monohydrate,2,Gram(s),usable,2.0
842370,174887,Creapure brand Creatine Monohydrate,,,missing_amount,
843078,174980,PharmaPure Creatine Monohydrate,2.5,Gram(s),usable,2.5
843137,174985,PharmaPure Creatine Monohydrate,2.5,Gram(s),usable,2.5
843314,174999,PharmaPure Creatine Monohydrate,3,Gram(s),usable,3.0
843647,175013,Creatine Monohydrate,,,missing_amount,
843759,175019,Creatine Monohydrate,,,missing_amount,
846174,175321,Creatine Monohydrate,5,Gram(s),usable,5.0
846873,175398,Creatine Monohydrate,3,Gram(s),usable,3.0
846997,175405,Creatine Monohydrate,3,Gram(s),usable,3.0
159756,17548,Creatine Monohydrate,,,missing_amount,
159797,17551,Creatine Monohydrate,2100,mg,usable,2.1
159963,17573,Creatine Monohydrate,5,g,usable,5.0
159995,17574,Creatine Monohydrate,5,g,usable,5.0
160285,17605,micronized Creapure Creatine Monohydrate,5,g,usable,5.0
160329,17612,micronized Creapure Creatine Monohydrate,5,g,usable,5.0
160344,17613,micronized Creapure Creatine Monohydrate,5,g,usable,5.0
160494,17629,micronized Creapure Creatine Monohydrate,5,g,usable,5.0
853411,176292,Creapure 100% pure Creatine Monohydrate,3,Gram(s),usable,3.0
853670,176323,Creapure 100% pure Creatine Monohydrate,3,Gram(s),usable,3.0
853683,176326,Creapure 100% pure Creatine Monohydrate,3,Gram(s),usable,3.0
853706,176329,Creapure 100% pure Creatine Monohydrate,3,Gram(s),usable,3.0
853718,176331,Creapure 100% pure Creatine Monohydrate,3,Gram(s),usable,3.0
853761,176335,Creapure 100% pure Creatine Monohydrate,3,Gram(s),usable,3.0
853773,176336,Creapure 100% pure Creatine Monohydrate,3,Gram(s),usable,3.0
853786,176338,Creapure 100% pure Creatine Monohydrate,3,Gram(s),usable,3.0
853798,176339,Creapure 100% pure Creatine Monohydrate,3,Gram(s),usable,3.0
853826,176342,Creapure 100% pure Creatine Monohydrate,3,Gram(s),usable,3.0
853840,176345,Creapure 100% pure Creatine Monohydrate,3,Gram(s),usable,3.0
854371,176406,Creapure 100% pure Creatine Monohydrate,3,Gram(s),usable,3.0
855241,176510,Creapure 100% pure Creatine Monohydrate,3,Gram(s),usable,3.0
160715,17664,Creatine Monohydrate,5000,mg,usable,5.0
161137,17703,Creatine Monohydrate,800,mg,usable,0.8
161138,17703,Creatine Monohydrate,800,mg,usable,0.8
161217,17704,Creatine Monohydrate,800,mg,usable,0.8
161218,17704,Creatine Monohydrate,800,mg,usable,0.8
161313,17711,Creatine Monohydrate,5,g,usable,5.0
161352,17715,Creatine Monohydrate,5,g,usable,5.0
862369,177374,Creatine Monohydrate,,,missing_amount,
862743,177400,Creatine Monohydrate,1000,mg,usable,1.0
161771,17793,Creatine Monohydrate,,,missing_amount,
161792,17798,Creatine Monohydrate,,,missing_amount,
162472,17859,Creatine Monohydrate,1,g,usable,1.0
162473,17859,Creatine Monohydrate,1,g,usable,1.0
162553,17861,Creatine Monohydrate,1,g,usable,1.0
162554,17861,Creatine Monohydrate,1,g,usable,1.0
162631,17862,Creatine Monohydrate,1,g,usable,1.0
162632,17862,Creatine Monohydrate,1,g,usable,1.0
162734,17864,Creatine Monohydrate,1,g,usable,1.0
162735,17864,Creatine Monohydrate,1,g,usable,1.0
877539,178732,Creatine Monohydrate,1.5,Gram(s),usable,1.5
877817,178757,Creatine Monohydrate,1.5,Gram(s),usable,1.5
878379,178873,Creatine Monohydrate,5000,mg,usable,5.0
878381,178875,Creatine Monohydrate,5000,mg,usable,5.0
878384,178877,Creatine Monohydrate,5000,mg,usable,5.0
879639,179008,Creatine Monohydrate,,,missing_amount,
881999,179199,Creatine Monohydrate,1125,mg,usable,1.125
882121,179215,Creatine Monohydrate,1125,mg,usable,1.125
888129,179998,Creatine Monohydrate,,,missing_amount,
888186,180009,Creatine Monohydrate,,,missing_amount,
891967,180393,Creatine Monohydrate,,,missing_amount,
893137,180497,Creatine Monohydrate,,,missing_amount,
893273,180511,Creatine Monohydrate,,,missing_amount,
893634,180553,Creatine Monohydrate,2000,mg,usable,2.0
893699,180559,Creatine Monohydrate,,,missing_amount,
896128,180771,Creatine Monohydrate,5,Gram(s),usable,5.0
896423,180802,Creatine Monohydrate,3000,mg,usable,3.0
896989,180852,Creatine Monohydrate,3000,mg,usable,3.0
165149,18086,Creatine Monohydrate,5,g,usable,5.0
165364,18094,Creatine Monohydrate,7,g,usable,7.0
165365,18094,Creatine Monohydrate,3.5,g,usable,3.5
165484,18096,Creatine Monohydrate,,,missing_amount,
165485,18096,Creatine Monohydrate,,,missing_amount,
165622,18097,Creatine Monohydrate,7,g,usable,7.0
165623,18097,Creatine Monohydrate,3.5,g,usable,3.5
165666,18098,Creatine Monohydrate,7,g,usable,7.0
165667,18098,Creatine Monohydrate,3.5,g,usable,3.5
165717,18100,Creatine Monohydrate,3,g,usable,3.0
165774,18103,Creatine Monohydrate,3,g,usable,3.0
166234,18118,Creatine Monohydrate,7,g,usable,7.0
166235,18118,Creatine Monohydrate,3.5,g,usable,3.5
166278,18119,Creatine Monohydrate,3.5,g,usable,3.5
166279,18119,Creatine Monohydrate,7,g,usable,7.0
166359,18121,Creatine Monohydrate,3.5,g,usable,3.5
166360,18121,Creatine Monohydrate,7,g,usable,7.0
901804,181223,Creatine Monohydrate,,,missing_amount,
166502,18125,Creatine Monohydrate,5000,mg,usable,5.0
166503,18125,Creatine Monohydrate,1667,mg,usable,1.667
166693,18130,Creatine Monohydrate,5,g,usable,5.0
166694,18130,Creatine Monohydrate,2.5,g,usable,2.5
166909,18137,Creatine Monohydrate,5,g,usable,5.0
166910,18137,Creatine Monohydrate,2.5,g,usable,2.5
167253,18155,Creatine Monohydrate,,,missing_amount,
905877,181550,Creatine Monohydrate,1,Gram(s),usable,1.0
905878,181550,Creatine Monohydrate,1,Gram(s),usable,1.0
906046,181560,Creatine Monohydrate,1,Gram(s),usable,1.0
906047,181560,Creatine Monohydrate,1,Gram(s),usable,1.0
906162,181570,Creatine Monohydrate,1,Gram(s),usable,1.0
906163,181570,Creatine Monohydrate,1,Gram(s),usable,1.0
906255,181577,Creatine Monohydrate,1,Gram(s),usable,1.0
906256,181577,Creatine Monohydrate,1,Gram(s),usable,1.0
167314,18158,Creatine Monohydrate,7,g,usable,7.0
167315,18158,Creatine Monohydrate,3.5,g,usable,3.5
906381,181581,Creatine Monohydrate,1,Gram(s),usable,1.0
906382,181581,Creatine Monohydrate,1,Gram(s),usable,1.0
906481,181586,Creatine Monohydrate,1,Gram(s),usable,1.0
906482,181586,Creatine Monohydrate,1,Gram(s),usable,1.0
906606,181593,Creatine Monohydrate,1,Gram(s),usable,1.0
906607,181593,Creatine Monohydrate,1,Gram(s),usable,1.0
906767,181601,Creatine Monohydrate,1,Gram(s),usable,1.0
906768,181601,Creatine Monohydrate,1,Gram(s),usable,1.0
906864,181605,Creatine Monohydrate,1,Gram(s),usable,1.0
906865,181605,Creatine Monohydrate,1,Gram(s),usable,1.0
906945,181608,Creatine Monohydrate,1,Gram(s),usable,1.0
906946,181608,Creatine Monohydrate,1,Gram(s),usable,1.0
907102,181612,Creatine Monohydrate,1,Gram(s),usable,1.0
907103,181612,Creatine Monohydrate,1,Gram(s),usable,1.0
167451,18164,Creatine Monohydrate,,,missing_amount,
167459,18164,Creatine Monohydrate,,,missing_amount,
909802,181892,Creatine Monohydrate,,,missing_amount,
910408,181985,Creatine Monohydrate,1500,mg,usable,1.5
911302,182106,Creatine Monohydrate,1250,mg,usable,1.25
911431,182118,Creatine Monohydrate,1250,mg,usable,1.25
911440,182120,Creatine Monohydrate,1250,mg,usable,1.25
913274,182366,Creatine Monohydrate,2.5,Gram(s),usable,2.5
913275,182366,Creatine Monohydrate,5,Gram(s),usable,5.0
913429,182383,Creatine Monohydrate,4,Gram(s),usable,4.0
168213,18240,Creatine Monohydrate,,,missing_amount,
914961,182511,Creatine Monohydrate,2.5,Gram(s),usable,2.5
914962,182511,Creatine Monohydrate,5,Gram(s),usable,5.0
915011,182515,Creatine Monohydrate,2.5,Gram(s),usable,2.5
915012,182515,Creatine Monohydrate,5,Gram(s),usable,5.0
915058,182518,Creatine Monohydrate,2.5,Gram(s),usable,2.5
915059,182518,Creatine Monohydrate,5,Gram(s),usable,5.0
915170,182525,Creatine Monohydrate,10,Gram(s),usable,10.0
915171,182525,Creatine Monohydrate,10,Gram(s),usable,10.0
915253,182533,Creatine Monohydrate,4,Gram(s),usable,4.0
915299,182542,Creatine Monohydrate,5,Gram(s),usable,5.0
915649,182577,Creatine Monohydrate,3,Gram(s),usable,3.0
915650,182577,Creatine Monohydrate,1.5,Gram(s),usable,1.5
916122,182622,Creatine Monohydrate,10,Gram(s),usable,10.0
916123,182622,Creatine Monohydrate,10,Gram(s),usable,10.0
916180,182625,Creatine Monohydrate,10,Gram(s),usable,10.0
916181,182625,Creatine Monohydrate,10,Gram(s),usable,10.0
916268,182629,Creatine Monohydrate,1.5,Gram(s),usable,1.5
916269,182629,Creatine Monohydrate,3,Gram(s),usable,3.0
916447,182634,Creatine Monohydrate,3,Gram(s),usable,3.0
916448,182634,Creatine Monohydrate,1.5,Gram(s),usable,1.5
916500,182636,Creatine Monohydrate,3,Gram(s),usable,3.0
916501,182636,Creatine Monohydrate,1.5,Gram(s),usable,1.5
916544,182638,Creatine Monohydrate,1.5,Gram(s),usable,1.5
916545,182638,Creatine Monohydrate,3,Gram(s),usable,3.0
917630,182728,Creatine Monohydrate,5,Gram(s),usable,5.0
918244,182773,Creatine Monohydrate,10,Gram(s),usable,10.0
918245,182773,Creatine Monohydrate,5,Gram(s),usable,5.0
918246,182773,Creatine Monohydrate,10,Gram(s),usable,10.0
918524,182796,Creatine Monohydrate,6,Gram(s),usable,6.0
918525,182796,Creatine Monohydrate,3,Gram(s),usable,3.0
919292,182860,Creatine Monohydrate,,,missing_amount,
919537,182876,Creatine Monohydrate,10,Gram(s),usable,10.0
919538,182876,Creatine Monohydrate,5,Gram(s),usable,5.0
919539,182876,Creatine Monohydrate,10,Gram(s),usable,10.0
919830,182909,Creatine Monohydrate,3,Gram(s),usable,3.0
919831,182909,Creatine Monohydrate,6,Gram(s),usable,6.0
919882,182914,Creatine Monohydrate,3,Gram(s),usable,3.0
919979,182921,Creatine Monohydrate,3,Gram(s),usable,3.0
919980,182921,Creatine Monohydrate,1.5,Gram(s),usable,1.5
921008,182988,Creatine Monohydrate,3,Gram(s),usable,3.0
921381,183016,Creatine Monohydrate,3,Gram(s),usable,3.0
921586,183041,Creatine Monohydrate,1.5,Gram(s),usable,1.5
921587,183041,Creatine Monohydrate,3,Gram(s),usable,3.0
921946,183048,Creatine Monohydrate,,,missing_amount,
923471,183175,Creatine Monohydrate,,,missing_amount,
923954,183216,Creatine Monohydrate,,,missing_amount,
925148,183308,Creatine Monohydrate,,,missing_amount,
925600,183340,Creatine Monohydrate,,,missing_amount,
926515,183509,Creatine Monohydrate,3000,mg,usable,3.0
926537,183513,Creatine Monohydrate,5,Gram(s),usable,5.0
927333,183647,Creatine Monohydrate,5,Gram(s),usable,5.0
927487,183678,Creatine Monohydrate,2250,mg,usable,2.25
927505,183686,Creatine Monohydrate,2250,mg,usable,2.25
927518,183690,Creatine Monohydrate,5,Gram(s),usable,5.0
927812,183741,Creatine Monohydrate,5,Gram(s),usable,5.0
928094,183806,Creatine Monohydrate,5000,mg,usable,5.0
928419,183838,Creatine Monohydrate,5000,mg,usable,5.0
929427,183900,Creatine Monohydrate,5,Gram(s),usable,5.0
169575,18407,Creatine Monohydrate,5000,mg,usable,5.0
931127,184084,Creatine Monohydrate,3000,mg,usable,3.0
931224,184096,Creatine Monohydrate,4,Gram(s),usable,4.0
931241,184099,Creatine Monohydrate,,,missing_amount,
931269,184103,Creatine Monohydrate,,,missing_amount,
169839,18461,Creatine Monohydrate,1000,mg,usable,1.0
935282,184702,Creatine Monohydrate,4,Gram(s),usable,4.0
170153,18502,Micronized Pure Creatine Monohydrate,,,missing_amount,
938267,185146,Creatine Monohydrate,1,Gram(s),usable,1.0
170688,18539,Micronized Pure Creatine Monohydrate,,,missing_amount,
171098,18583,Creatine Monohydrate,1500,mg,usable,1.5
171145,18586,Creatine Monohydrate,3000,mg,usable,3.0
171793,18646,Micronized Pure Creatine Monohydrate,,,missing_amount,
171845,18649,Micronized Pure Creatine Monohydrate,,,missing_amount,
171900,18653,Micronized Pure Creatine Monohydrate,,,missing_amount,
171930,18654,Micronized Pure Creatine Monohydrate,,,missing_amount,
171960,18655,Micronized Pure Creatine Monohydrate,,,missing_amount,
172381,18685,Creatine Monohydrate,1,g,usable,1.0
172521,18696,Creatine Monohydrate,1,g,usable,1.0
173767,18777,Creatine Monohydrate,2500,mg,usable,2.5
8098,1878,Creatine Monohydrate,,,missing_amount,
174228,18813,Creatine Monohydrate,,,missing_amount,
174325,18830,Creatine Monohydrate,,,missing_amount,
943467,188908,Creatine Monohydrate,5,Gram(s),usable,5.0
174814,18901,Micro Creatine Monohydrate,,,missing_amount,
943545,190923,Creatine Monohydrate,5,Gram(s),usable,5.0
179580,19300,Creatine Monohydrate,,,missing_amount,
179581,19300,Creatine Monohydrate,,,missing_amount,
8616,1937,Creatine Monohydrate,,,missing_amount,
182250,19537,Creatine Monohydrate,200,mg,usable,0.2
9179,1959,Creatine Monohydrate,,,missing_amount,
9223,1960,Creatine Monohydrate,,,missing_amount,
9269,1961,Creatine Monohydrate,,,missing_amount,
9319,1962,Creatine Monohydrate,,,missing_amount,
947952,199426,Creatine Monohydrate,2.25,Gram(s),usable,2.25
957029,200527,Creatine Monohydrate,,,missing_amount,
958321,200650,Creatine Monohydrate,2,Gram(s),usable,2.0
958346,200653,Creatine Monohydrate,2,Gram(s),usable,2.0
958355,200655,Creatine Monohydrate,2,Gram(s),usable,2.0
958528,200672,Creatine Monohydrate,5000,mg,usable,5.0
188160,20070,Creatine Monohydrate,2000,mg,usable,2.0
188223,20075,Creatine Monohydrate,,,missing_amount,
961942,201054,Creatine Monohydrate,5,Gram(s),usable,5.0
10178,2013,Creatine Monohydrate,,,missing_amount,
964251,201332,Creatine Monohydrate,,,missing_amount,
10226,2014,Creatine Monohydrate,,,missing_amount,
964642,201404,Creatine Monohydrate,1350,mg,usable,1.35
964728,201411,Creatine Monohydrate,3000,mg,usable,3.0
967747,201796,Creatine Monohydrate,5,Gram(s),usable,5.0
974375,202516,Creatine Monohydrate,2100,mg,usable,2.1
975952,202633,Creatine Monohydrate,3,Gram(s),usable,3.0
975965,202634,Creatine Monohydrate,3,Gram(s),usable,3.0
10539,2028,Creatine Monohydrate,,,missing_amount,
979295,203266,Creatine Monohydrate,5,Gram(s),usable,5.0
981500,203590,Creatine Monohydrate,1,Gram(s),usable,1.0
981501,203590,Creatine Monohydrate,1,Gram(s),usable,1.0
983194,203785,Creatine Monohydrate,5,Gram(s),usable,5.0
983681,203849,Creapure 100% pure Creatine Monohydrate,3,Gram(s),usable,3.0
983695,203851,Creapure 100% pure Creatine Monohydrate,3,Gram(s),usable,3.0
983707,203852,Creapure 100% pure Creatine Monohydrate,3,Gram(s),usable,3.0
983719,203853,Creatine Monohydrate,3,Gram(s),usable,3.0
984461,203975,Creatine Monohydrate,5,Gram(s),usable,5.0
991032,204632,Creatine Monohydrate,1,Gram(s),usable,1.0
991033,204632,Creatine Monohydrate,1,Gram(s),usable,1.0
994659,204876,Creatine Monohydrate,3,Gram(s),usable,3.0
994695,204879,Creatine Monohydrate,3,Gram(s),usable,3.0
994713,204881,Creatine Monohydrate,3,Gram(s),usable,3.0
995679,204957,Creatine Monohydrate,,,missing_amount,
995764,204964,Creatine Monohydrate,,,missing_amount,
995794,204965,Creatine Monohydrate,,,missing_amount,
995824,204969,Creatine Monohydrate,,,missing_amount,
995879,204972,Creatine Monohydrate,,,missing_amount,
995902,204973,Creatine Monohydrate,,,missing_amount,
995925,204974,Creatine Monohydrate,,,missing_amount,
996150,204985,Creatine Monohydrate,,,missing_amount,
998304,205158,Creatine Monohydrate,3,Gram(s),usable,3.0
998664,205180,Creatine Monohydrate,5,Gram(s),usable,5.0
998706,205186,Creatine Monohydrate,5,Gram(s),usable,5.0
998724,205188,Creatine Monohydrate,5,Gram(s),usable,5.0
998931,205209,Creatine Monohydrate,4.5,Gram(s),usable,4.5
998942,205212,Creatine Monohydrate,4.2,Gram(s),usable,4.2
11724,2058,Creatine Monohydrate,1.3,Gram(s),usable,1.3
11762,2059,Creatine Monohydrate,1.3,Gram(s),usable,1.3
11799,2060,Creatine Monohydrate,1.3,Gram(s),usable,1.3
11837,2061,Creatine Monohydrate,1.3,Gram(s),usable,1.3
1007659,206168,Creatine Monohydrate,5,Gram(s),usable,5.0
1007796,206183,Creatine Monohydrate,3000,mg,usable,3.0
1007870,206189,Creatine Monohydrate,3000,mg,usable,3.0
1007905,206191,Creatine Monohydrate,3000,mg,usable,3.0
11875,2062,Creatine Monohydrate,1.3,Gram(s),usable,1.3
11913,2063,Creatine Monohydrate,1.3,Gram(s),usable,1.3
1010595,206440,Creatine Monohydrate,5,Gram(s),usable,5.0
1010604,206442,Creatine Monohydrate,5,Gram(s),usable,5.0
1012482,206627,Creatine Monohydrate,3,Gram(s),usable,3.0
1022674,207560,Creatine Monohydrate,5,Gram(s),usable,5.0
194986,20785,Creatine Monohydrate,,,missing_amount,
1029667,208368,Creatine Monohydrate,,,missing_amount,
1032412,208721,Creatine Monohydrate,5,Gram(s),usable,5.0
1036797,209301,Creatine Monohydrate,,,missing_amount,
1041415,209871,Creatine Monohydrate,,,missing_amount,
1041440,209872,Creatine Monohydrate,4000,mg,usable,4.0
1041624,209891,Creatine Monohydrate,,,missing_amount,
1041730,209902,Creatine Monohydrate,2000,mg,usable,2.0
1042134,209952,Creatine Monohydrate,1,Gram(s),usable,1.0
1042154,209953,Creatine Monohydrate,,,missing_amount,
1042244,209975,Creatine Monohydrate,1667.67,mg,usable,1.66767
1042245,209975,Creatine Monohydrate,2500,mg,usable,2.5
1042246,209975,Creatine Monohydrate,5000,mg,usable,5.0
197990,21015,Micronized Creatine Monohydrate,3,g,usable,3.0
198003,21018,Micronized Creatine Monohydrate,3,g,usable,3.0
1046688,210519,Creatine Monohydrate,400,mg,usable,0.4
198393,21052,HPLC Pure Creatine Monohydrate,5000,mg,usable,5.0
198395,21054,HPLC Pure Creatine Monohydrate,5000,mg,usable,5.0
1048175,210615,Creatine Monohydrate,,,missing_amount,
1048460,210630,Creatine Monohydrate,,,missing_amount,
1048714,210637,Creatine Monohydrate,1,Gram(s),usable,1.0
1048715,210637,Creatine Monohydrate,1,Gram(s),usable,1.0
1048921,210650,Creatine Monohydrate,1,Gram(s),usable,1.0
1048922,210650,Creatine Monohydrate,1,Gram(s),usable,1.0
1049042,210655,Creatine Monohydrate,1,Gram(s),usable,1.0
1049071,210655,Creatine Monohydrate,1,Gram(s),usable,1.0
1049180,210661,Creatine Monohydrate,1,Gram(s),usable,1.0
1049208,210661,Creatine Monohydrate,1,Gram(s),usable,1.0
1049342,210667,Creatine Monohydrate,1,Gram(s),usable,1.0
1049370,210667,Creatine Monohydrate,1,Gram(s),usable,1.0
1049760,210697,Creatine Monohydrate,1,Gram(s),usable,1.0
1050117,210733,Creatine Monohydrate,1,Gram(s),usable,1.0
1050118,210733,Creatine Monohydrate,1,Gram(s),usable,1.0
1050247,210743,Creatine Monohydrate,1,Gram(s),usable,1.0
1050275,210743,Creatine Monohydrate,1,Gram(s),usable,1.0
1050331,210747,Creatine Monohydrate,1,Gram(s),usable,1.0
1050359,210747,Creatine Monohydrate,1,Gram(s),usable,1.0
1050459,210758,Creatine Monohydrate,1,Gram(s),usable,1.0
1050487,210758,Creatine Monohydrate,1,Gram(s),usable,1.0
1050552,210763,Creatine Monohydrate,1,Gram(s),usable,1.0
1053523,211083,Creatine Monohydrate,1,Gram(s),usable,1.0
1053524,211083,Creatine Monohydrate,,,missing_amount,
1054431,211165,Creatine Monohydrate,5,Gram(s),usable,5.0
1056709,211396,Creatine Monohydrate,3000,mg,usable,3.0
1057833,211453,Creatine Monohydrate,5000,mg,usable,5.0
1057991,211460,Creatine Monohydrate,1,Gram(s),usable,1.0
1057992,211460,Creatine Monohydrate,,,missing_amount,
1058025,211462,Creatine Monohydrate,1,Gram(s),usable,1.0
1058054,211462,Creatine Monohydrate,1,Gram(s),usable,1.0
1058083,211463,Creatine Monohydrate,1,Gram(s),usable,1.0
1058112,211463,Creatine Monohydrate,1,Gram(s),usable,1.0
1058207,211469,Creatine Monohydrate,1,Gram(s),usable,1.0
1058235,211469,Creatine Monohydrate,1,Gram(s),usable,1.0
1058273,211477,Creatine Monohydrate,,,missing_amount,
1058613,211505,Creatine Monohydrate,2500,mg,usable,2.5
1058897,211524,Creatine Monohydrate,1500,mg,usable,1.5
1059161,211546,Creatine Monohydrate powder,4551,mg,usable,4.551
1060201,211616,Creatine Monohydrate,5,Gram(s),usable,5.0
1060275,211620,Creatine Monohydrate,3,Gram(s),usable,3.0
1060420,211635,Creatine Monohydrate,2.5,Gram(s),usable,2.5
1061421,211795,Creatine Monohydrate,3,Gram(s),usable,3.0
1061505,211806,Creatine Monohydrate,,,missing_amount,
1061509,211806,Creatine Monohydrate,,,missing_amount,
1061796,211842,Creatine Monohydrate,,,missing_amount,
1061846,211849,Creatine Monohydrate,,,missing_amount,
1067226,212666,Creatine Monohydrate,5,Gram(s),usable,5.0
1068045,212741,Creatine Monohydrate,5000,mg,usable,5.0
1068074,212746,Creatine Monohydrate,5000,mg,usable,5.0
1069432,212911,PharmaPure Creatine Monohydrate,2.5,Gram(s),usable,2.5
1069548,212922,PharmaPure Creatine Monohydrate,3,Gram(s),usable,3.0
1069592,212924,PharmaPure Creatine Monohydrate,3,Gram(s),usable,3.0
1069694,212936,PharmaPure Creatine Monohydrate,3,Gram(s),usable,3.0
1070226,212981,PharmaPure Creatine Monohydrate,3,Gram(s),usable,3.0
1070270,212987,PharmaPure Creatine Monohydrate,4.17,Gram(s),usable,4.17
1070980,213073,PharmaPure Creatine Monohydrate,5,Gram(s),usable,5.0
1071051,213080,PharmaPure Creatine Monohydrate,3.5,Gram(s),usable,3.5
1071641,213146,Creatine Monohydrate,5000,mg,usable,5.0
1072479,213276,Creatine Monohydrate,,,missing_amount,
1074007,213431,Creatine Monohydrate,5000,mg,usable,5.0
1074048,213438,Creatine Monohydrate,5000,mg,usable,5.0
1074269,213456,Creatine Monohydrate,5000,mg,usable,5.0
1074277,213458,Creatine Monohydrate,5000,mg,usable,5.0
1074674,213497,Creatine Monohydrate,3000,mg,usable,3.0
1074707,213502,Creatine Monohydrate,3000,mg,usable,3.0
1074749,213507,Creatine Monohydrate powder,4551,mg,usable,4.551
1077813,213712,Creatine Monohydrate,3,Gram(s),usable,3.0
1081069,213944,Creatine Monohydrate,3.2,Gram(s),usable,3.2
1081070,213944,Creatine Monohydrate,1.6,Gram(s),usable,1.6
1081173,213951,Creatine Monohydrate,3.2,Gram(s),usable,3.2
1081174,213951,Creatine Monohydrate,1.6,Gram(s),usable,1.6
1081415,213960,Creatine Monohydrate,2,Gram(s),usable,2.0
1081428,213962,Creatine Monohydrate,2,Gram(s),usable,2.0
1081453,213966,Creatine Monohydrate,3.2,Gram(s),usable,3.2
1081454,213966,Creatine Monohydrate,1.6,Gram(s),usable,1.6
1081495,213970,Creatine Monohydrate,3.2,Gram(s),usable,3.2
1081496,213970,Creatine Monohydrate,1.6,Gram(s),usable,1.6
1081919,214024,Creatine Monohydrate,5,Gram(s),usable,5.0
1081946,214026,Creatine Monohydrate,5,Gram(s),usable,5.0
203999,21433,Creatine Monohydrate,5.05,g,usable,5.05
204003,21435,Creatine Monohydrate,5,g,usable,5.0
204102,21437,Creatine Monohydrate,,,missing_amount,
204103,21437,Creatine Monohydrate,,,missing_amount,
204104,21437,Creatine Monohydrate,3,Gram(s),usable,3.0
204250,21445,Creatine Monohydrate,,,missing_amount,
204251,21445,Creatine Monohydrate,,,missing_amount,
12917,2145,Creatine Monohydrate,5,g,usable,5.0
1092832,215240,Creatine Monohydrate,2250,mg,usable,2.25
1092833,215241,Creatine Monohydrate,2250,mg,usable,2.25
1095098,215649,Creatine Monohydrate,2500,mg,usable,2.5
1095629,215730,Creatine Monohydrate,2500,mg,usable,2.5
1099472,216283,Creatine Monohydrate,5,Gram(s),usable,5.0
1106273,217016,Creatine Monohydrate,,,missing_amount,
1109390,217362,Creatine Monohydrate,5,Gram(s),usable,5.0
1116971,218154,Creatine Monohydrate,5,Gram(s),usable,5.0
1117093,218161,Creatine Monohydrate,5,Gram(s),usable,5.0
1118346,218255,Creatine Monohydrate,5000,mg,usable,5.0
1118357,218255,Creatine Monohydrate,2500,mg,usable,2.5
1118477,218261,Creatine Monohydrate,5000,mg,usable,5.0
1118488,218261,Creatine Monohydrate,2500,mg,usable,2.5
1118500,218264,Creatine Monohydrate,5000,mg,usable,5.0
1118511,218264,Creatine Monohydrate,2500,mg,usable,2.5
1119321,218339,Creatine Monohydrate,3000,mg,usable,3.0
1119746,218374,Creatine Monohydrate,,,missing_amount,
1121328,218517,Creatine Monohydrate,5,Gram(s),usable,5.0
1123045,218663,Creatine Monohydrate,2,Gram(s),usable,2.0
1123170,218672,Creatine Monohydrate,2,Gram(s),usable,2.0
1123259,218676,Creatine Monohydrate,1,Gram(s),usable,1.0
1123260,218676,Creatine Monohydrate,1,Gram(s),usable,1.0
1123280,218678,Creatine Monohydrate,2,Gram(s),usable,2.0
1123291,218678,Creatine Monohydrate,1,Gram(s),usable,1.0
1123567,218704,Creatine Monohydrate,5,Gram(s),usable,5.0
1123637,218707,Creatine Monohydrate,5,Gram(s),usable,5.0
1123679,218710,Creatine Monohydrate,3,Gram(s),usable,3.0
1123723,218712,Creatine Monohydrate,1,Gram(s),usable,1.0
1123724,218712,Creatine Monohydrate,2,Gram(s),usable,2.0
1123920,218725,Creatine Monohydrate,1,Gram(s),usable,1.0
1123921,218725,Creatine Monohydrate,2,Gram(s),usable,2.0
1124131,218749,Creatine Monohydrate,2000,mg,usable,2.0
1124146,218750,Creatine Monohydrate,2000,mg,usable,2.0
1124162,218751,Creatine Monohydrate,2000,mg,usable,2.0
1125387,218788,Creatine Monohydrate,1,Gram(s),usable,1.0
1125388,218788,Creatine Monohydrate,2,Gram(s),usable,2.0
1125479,218795,Creatine Monohydrate,1,Gram(s),usable,1.0
1125480,218795,Creatine Monohydrate,2,Gram(s),usable,2.0
1125644,218810,Creatine Monohydrate,,,missing_amount,
1129496,219252,Creatine Monohydrate,250,mg,usable,0.25
1130620,219361,Creatine Monohydrate,2000,mg,usable,2.0
1132932,219648,Creatine Monohydrate,4,Gram(s),usable,4.0
1133017,219653,Creatine Monohydrate,4,Gram(s),usable,4.0
1133307,219690,Creatine Monohydrate,375,mg,usable,0.375
1136135,219995,Creatine Monohydrate,5,Gram(s),usable,5.0
209460,22022,Creatine Monohydrate,,,missing_amount,
209461,22022,Creatine Monohydrate,,,missing_amount,
209462,22022,Creatine Monohydrate,3,g,usable,3.0
1150763,221167,Creatine Monohydrate,400,mg,usable,0.4
1151292,221223,Creatine Monohydrate,5,Gram(s),usable,5.0
1152970,221370,Creatine Monohydrate,400,mg,usable,0.4
1154092,221476,Creatine Monohydrate,400,mg,usable,0.4
1158810,223090,Creatine Monohydrate,3,Gram(s),usable,3.0
1158908,223101,Creatine Monohydrate,2000,mg,usable,2.0
1158909,223101,Creatine Monohydrate,1000,mg,usable,1.0
1159436,223139,Creatine Monohydrate,2.84,Gram(s),usable,2.84
1159498,223148,Creatine Monohydrate,2.84,Gram(s),usable,2.84
1159854,223181,Creatine Monohydrate,2.84,Gram(s),usable,2.84
1162622,223569,Creatine Monohydrate,5000,mg,usable,5.0
1162751,223576,ultrapure Creatine Monohydrate,5000,mg,usable,5.0
1163667,224659,Creatine Monohydrate,1.3,Gram(s),usable,1.3
1163733,224673,Creatine Monohydrate,1.3,Gram(s),usable,1.3
1168234,227962,Creatine Monohydrate,1.3,Gram(s),usable,1.3
1168287,227964,Creatine Monohydrate,1.3,Gram(s),usable,1.3
1168375,227968,Creatine Monohydrate,1.3,Gram(s),usable,1.3
1168513,227977,Creatine Monohydrate,1.3,Gram(s),usable,1.3
1168569,227979,Creatine Monohydrate,1.3,Gram(s),usable,1.3
1169317,228012,Creatine Monohydrate,1.3,Gram(s),usable,1.3
1170734,228099,Creatine Monohydrate,1.3,Gram(s),usable,1.3
1170773,228101,Creatine Monohydrate,1.3,Gram(s),usable,1.3
1170806,228102,Creatine Monohydrate,1.3,Gram(s),usable,1.3
1170865,228104,Creatine Monohydrate,1.3,Gram(s),usable,1.3
1170897,228105,Creatine Monohydrate,1.3,Gram(s),usable,1.3
1171022,228114,Creatine Monohydrate,,,missing_amount,
1171275,228121,Creatine Monohydrate,,,missing_amount,
1171353,228126,Creatine Monohydrate,,,missing_amount,
1171396,228128,Creatine Monohydrate,,,missing_amount,
1172478,228193,Creatine Monohydrate,,,missing_amount,
1172598,228203,Creatine Monohydrate,1.3,Gram(s),usable,1.3
1172928,228238,Creatine Monohydrate,2.5,Gram(s),usable,2.5
1173529,228279,Creatine Monohydrate,5000,mg,usable,5.0
1174760,228410,Creatine Monohydrate,4000,mg,usable,4.0
1177697,228693,Creatine Monohydrate,200,mg,usable,0.2
1178787,228761,Creatine Monohydrate,3,Gram(s),usable,3.0
1178934,228773,Creatine Monohydrate,3,Gram(s),usable,3.0
1178960,228775,Creatine Monohydrate,3,Gram(s),usable,3.0
1179011,228777,Creatine Monohydrate,3,Gram(s),usable,3.0
14789,2294,Creatine Monohydrate,,,missing_amount,
1186754,229547,Creatine Monohydrate,400,mg,usable,0.4
1190233,229982,Creatine Monohydrate,5000,mg,usable,5.0
1192935,230208,Creatine Monohydrate,500,mg,usable,0.5
1193198,230219,Creatine Monohydrate,5,Gram(s),usable,5.0
1195211,230376,Creatine Monohydrate,5,Gram(s),usable,5.0
1196831,230528,Creatine Monohydrate,,,missing_amount,
216280,23068,Creatine Monohydrate,2500,mg,usable,2.5
1198773,230756,Creapure Creatine Monohydrate,5000,mg,usable,5.0
1200089,230868,Creatine Monohydrate,5,Gram(s),usable,5.0
1201220,230966,Creatine Monohydrate powder,3034,mg,usable,3.034
1206239,231495,Creatine Monohydrate,5,Gram(s),usable,5.0
1208913,231881,Creatine Monohydrate,1000,mg,usable,1.0
1209157,231951,Creatine Monohydrate,1000,mg,usable,1.0
1209851,232140,Creatine Monohydrate,5000,mg,usable,5.0
1209854,232142,Creatine Monohydrate,5000,mg,usable,5.0
1209860,232145,Creatine Monohydrate,,,missing_amount,
1212091,232538,Creatine Monohydrate,,,missing_amount,
1213812,232794,Creatine Monohydrate,2,Gram(s),usable,2.0
1214206,232823,Creatine Monohydrate,200,mg,usable,0.2
1214605,232851,Creatine Monohydrate,5000,mg,usable,5.0
1214606,232851,Creatine Monohydrate,2500,mg,usable,2.5
1214668,232857,Creatine Monohydrate,2500,mg,usable,2.5
1214669,232857,Creatine Monohydrate,5000,mg,usable,5.0
1214794,232861,Creatine Monohydrate,5000,mg,usable,5.0
1214795,232861,Creatine Monohydrate,2500,mg,usable,2.5
15911,2331,Creatine Monohydrate,1.3,Gram(s),usable,1.3
1222007,233479,Creatine Monohydrate,,,missing_amount,
1229358,235561,Creatine Monohydrate,2500,mg,usable,2.5
16482,2357,Creatine Monohydrate,,,missing_amount,
16514,2358,Creatine Monohydrate,,,missing_amount,
16568,2359,Creatine Monohydrate,,,missing_amount,
1232124,236722,Creatine Monohydrate,,,missing_amount,
1233126,236772,Creatine Monohydrate,3000,mg,usable,3.0
1237297,236962,Creatine Monohydrate powder,4551,mg,usable,4.551
1237511,236999,Creatine Monohydrate,5,Gram(s),usable,5.0
1243023,238782,Creatine Monohydrate,,,missing_amount,
1243602,238843,PharmaPure Creatine Monohydrate,2.5,Gram(s),usable,2.5
1243860,238872,PharmaPure Creatine Monohydrate,2.5,Gram(s),usable,2.5
1243915,238877,PharmaPure Creatine Monohydrate,2.5,Gram(s),usable,2.5
1244189,238901,PharmaPure Creatine Monohydrate,3.5,Gram(s),usable,3.5
1244222,238907,PharmaPure Creatine Monohydrate,5,Gram(s),usable,5.0
1245642,239076,PharmaPure Creatine Monohydrate,2.5,Gram(s),usable,2.5
1245711,239084,PharmaPure Creatine Monohydrate,3,Gram(s),usable,3.0
1245833,239097,PharmaPure Creatine Monohydrate,3,Gram(s),usable,3.0
1245934,239107,PharmaPure Creatine Monohydrate,3,Gram(s),usable,3.0
1246017,239118,PharmaPure Creatine Monohydrate,3,Gram(s),usable,3.0
1246070,239120,PharmaPure Creatine Monohydrate,2.5,Gram(s),usable,2.5
1246176,239133,PharmaPure Creatine Monohydrate,3,Gram(s),usable,3.0
1246830,239224,PharmaPure Creatine Monohydrate,3,Gram(s),usable,3.0
1247161,239253,PharmaPure Creatine Monohydrate,3,Gram(s),usable,3.0
1247423,239274,PharmaPure Creatine Monohydrate,3,Gram(s),usable,3.0
1247817,239318,Creatine Monohydrate,,,missing_amount,
1248121,239355,PharmaPure Creatine Monohydrate,3,Gram(s),usable,3.0
1248977,239434,Creatine Monohydrate,,,missing_amount,
1251328,239607,Creatine Monohydrate,3,Gram(s),usable,3.0
1255580,239977,Creatine Monohydrate,,,missing_amount,
1256075,240026,Creatine Monohydrate,,,missing_amount,
1260662,240424,PharmaPure Creatine Monohydrate,3,Gram(s),usable,3.0
1260903,240437,PharmaPure Creatine Monohydrate,3,Gram(s),usable,3.0
1261008,240443,PharmaPure Creatine Monohydrate,3,Gram(s),usable,3.0
1261056,240445,PharmaPure Creatine Monohydrate,3,Gram(s),usable,3.0
1261574,240475,PharmaPure Creatine Monohydrate,3,Gram(s),usable,3.0
1264833,240800,Creatine Monohydrate,5,Gram(s),usable,5.0
1268641,241217,Creatine Monohydrate,5000,mg,usable,5.0
1274877,241687,Creatine Monohydrate,3,Gram(s),usable,3.0
1275792,241758,Creatine Monohydrate,3000,mg,usable,3.0
1275793,241758,Creatine Monohydrate,37.5,Gram(s),usable,37.5
1276338,241841,Creatine Monohydrate,,,missing_amount,
1281309,242455,Creatine Monohydrate,2100,mg,usable,2.1
1281965,242491,Creatine Monohydrate,,,missing_amount,
1281966,242491,Creatine Monohydrate,,,missing_amount,
1285313,242693,Creatine Monohydrate,5,Gram(s),usable,5.0
1289663,242986,Creatine Monohydrate,5000,mg,usable,5.0
18446,2431,Creatine Monohydrate,,,missing_amount,
1296807,243712,Creapure Creatine Monohydrate,3000,mg,usable,3.0
1299033,243812,Creatine Monohydrate,1,Gram(s),usable,1.0
1299034,243812,Creatine Monohydrate,1,Gram(s),usable,1.0
1299227,243815,Creatine Monohydrate,1,Gram(s),usable,1.0
1299228,243815,Creatine Monohydrate,1,Gram(s),usable,1.0
1301415,243961,Creatine Monohydrate,2,Gram(s),usable,2.0
18526,2440,Creatine monohydrate powder,5,g,usable,5.0
1302937,244077,Creatine Monohydrate,3000,mg,usable,3.0
1302974,244083,Creatine Monohydrate,1000,mg,usable,1.0
1303065,244086,Creatine Monohydrate,1000,mg,usable,1.0
18544,2441,Creatine Monohydrate,2500,mg,usable,2.5
18569,2442,Creatine Monohydrate,2500,mg,usable,2.5
1305111,244370,Creatine Monohydrate,250,mg,usable,0.25
1310181,245301,Creatine Monohydrate,,,missing_amount,
1310187,245306,Creatine Monohydrate,4.5,Gram(s),usable,4.5
1310243,245315,Creatine Monohydrate,4.2,Gram(s),usable,4.2
1314194,245694,Creatine Monohydrate,1000,mg,usable,1.0
1317129,245987,Creatine Monohydrate,375,mg,usable,0.375
1317179,245988,Creatine Monohydrate,250,mg,usable,0.25
1318764,246152,Creatine Monohydrate,,,missing_amount,
1318908,246164,Creatine Monohydrate,,,missing_amount,
1319242,246214,Creatine Monohydrate,5,Gram(s),usable,5.0
1319265,246220,Creatine Monohydrate,5,Gram(s),usable,5.0
1319267,246222,Creatine Monohydrate,5,Gram(s),usable,5.0
1320470,246283,Creatine Monohydrate,,,missing_amount,
1327952,246860,Creatine Monohydrate,1000,mg,usable,1.0
1334303,247506,Creatine Monohydrate,5000,mg,usable,5.0
1334360,247512,Creatine Monohydrate,5000,mg,usable,5.0
19304,2476,Creatine Monohydrate,,,missing_amount,
19305,2476,Creatine Monohydrate,,,missing_amount,
1338138,247837,Creatine Monohydrate,5000,mg,usable,5.0
1338269,247843,Creatine Monohydrate,5000,mg,usable,5.0
1338288,247850,Creatine Monohydrate,5000,mg,usable,5.0
1341475,248191,PharmaPure Creatine Monohydrate,3.5,Gram(s),usable,3.5
1341541,248205,PharmaPure Creatine Monohydrate,4.17,Gram(s),usable,4.17
1341547,248206,PharmaPure Creatine Monohydrate,4.17,Gram(s),usable,4.17
1341907,248254,PharmaPure Creatine Monohydrate,3,Gram(s),usable,3.0
1341915,248255,PharmaPure Creatine Monohydrate,3,Gram(s),usable,3.0
1342213,248266,PharmaPure Creatine Monohydrate,3,Gram(s),usable,3.0
1342255,248268,PharmaPure Creatine Monohydrate,3,Gram(s),usable,3.0
1342292,248269,PharmaPure Creatine Monohydrate,3,Gram(s),usable,3.0
1342327,248270,PharmaPure Creatine Monohydrate,3,Gram(s),usable,3.0
1342362,248271,PharmaPure Creatine Monohydrate,3,Gram(s),usable,3.0
1342613,248281,PharmaPure Creatine Monohydrate,3,Gram(s),usable,3.0
1342743,248289,PharmaPure Creatine Monohydrate,3,Gram(s),usable,3.0
1342872,248297,PharmaPure Creatine Monohydrate,3,Gram(s),usable,3.0
1342976,248299,PharmaPure Creatine Monohydrate,2.5,Gram(s),usable,2.5
1343016,248301,PharmaPure Creatine Monohydrate,3,Gram(s),usable,3.0
1343052,248302,PharmaPure Creatine Monohydrate,3,Gram(s),usable,3.0
1343120,248305,PharmaPure Creatine Monohydrate,3,Gram(s),usable,3.0
1343159,248306,PharmaPure Creatine Monohydrate,3,Gram(s),usable,3.0
1343197,248307,PharmaPure Creatine Monohydrate,2.5,Gram(s),usable,2.5
1343288,248324,PharmaPure Creatine Monohydrate,2.5,Gram(s),usable,2.5
1343311,248325,PharmaPure Creatine Monohydrate,2.5,Gram(s),usable,2.5
1343334,248326,PharmaPure Creatine Monohydrate,2.5,Gram(s),usable,2.5
1347712,248769,Creatine Monohydrate,,,missing_amount,
1347833,248783,Creatine Monohydrate,,,missing_amount,
1347883,248788,Creatine Monohydrate,,,missing_amount,
1347939,248793,Creatine Monohydrate,,,missing_amount,
1348128,248811,Creatine Monohydrate,4800,mg,usable,4.8
1348342,248831,Creatine Monohydrate,,,missing_amount,
1348422,248840,Creatine Monohydrate,,,missing_amount,
1348548,248851,Creatine Monohydrate,,,missing_amount,
1352708,249360,Creatine Monohydrate,,,missing_amount,
1352778,249365,Creatine Monohydrate,,,missing_amount,
1353348,249407,Creatine Monohydrate,,,missing_amount,
1356112,249621,Creatine Monohydrate,,,missing_amount,
1356156,249624,Creatine Monohydrate,,,missing_amount,
1356604,249654,Creatine Monohydrate,5000,mg,usable,5.0
1356634,249657,Creatine Monohydrate,5000,mg,usable,5.0
1356974,249681,Creatine Monohydrate,,,missing_amount,
1357280,249709,Creatine Monohydrate,2500,mg,usable,2.5
1358842,249818,Creatine Monohydrate,,,missing_amount,
1360697,249994,Creatine Monohydrate,8000,mg,usable,8.0
1360723,249994,Creatine Monohydrate,4000,mg,usable,4.0
1364725,250395,Creatine Monohydrate,5,Gram(s),usable,5.0
1365625,250483,Creatine Monohydrate,5,Gram(s),usable,5.0
1366355,250563,Creatine Monohydrate,5,Gram(s),usable,5.0
1366472,250583,Creatine Monohydrate,2100,mg,usable,2.1
1367870,250747,Creatine Monohydrate,2100,mg,usable,2.1
1367906,250754,Creatine Monohydrate,2100,mg,usable,2.1
1371492,251066,Creatine Monohydrate,,,missing_amount,
1372836,251227,Creatine Monohydrate,5,Gram(s),usable,5.0
1378229,251742,Creatine Monohydrate,1,Gram(s),usable,1.0
1378711,251817,Creatine Monohydrate,5,Gram(s),usable,5.0
1379887,252006,Creatine Monohydrate,1600,mg,usable,1.6
1381401,252182,Creatine Monohydrate,,,missing_amount,
1381559,252191,Creatine Monohydrate,,,missing_amount,
1381978,252240,Creatine Monohydrate,,,missing_amount,
1382408,252264,Creatine Monohydrate,,,missing_amount,
1382650,252287,Creatine Monohydrate,,,missing_amount,
1383845,252585,Creatine Monohydrate,5000,mg,usable,5.0
1383854,252593,Creatine Monohydrate,5,Gram(s),usable,5.0
1390992,253731,Creatine Monohydrate,5000,mg,usable,5.0
1391032,253763,Creatine Monohydrate,2800,mg,usable,2.8
1391038,253769,Creatine Monohydrate,2800,mg,usable,2.8
1391039,253770,Creatine Monohydrate,5,Gram(s),usable,5.0
1391042,253773,Creatine Monohydrate,5,Gram(s),usable,5.0
1391046,253777,Creatine Monohydrate,5,Gram(s),usable,5.0
1397066,255215,Creatine Monohydrate,,,missing_amount,
1397936,255344,Creatine Monohydrate,3,Gram(s),usable,3.0
1399342,255556,Creatine Monohydrate,10,Gram(s),usable,10.0
1399343,255556,Creatine Monohydrate,10,Gram(s),usable,10.0
1399413,255562,Creatine Monohydrate,3,Gram(s),usable,3.0
1400864,255744,Creatine Monohydrate,,,missing_amount,
1400929,255752,Creatine Monohydrate,,,missing_amount,
1401639,255795,Creatine Monohydrate,,,missing_amount,
1401778,255801,Creatine Monohydrate,3,Gram(s),usable,3.0
1401779,255801,Creatine Monohydrate,6,Gram(s),usable,6.0
1401854,255810,Creatine Monohydrate,3,Gram(s),usable,3.0
1401871,255811,Creatine Monohydrate,3,Gram(s),usable,3.0
1402034,255834,Creatine Monohydrate,5,Gram(s),usable,5.0
1402052,255834,Creatine Monohydrate,5,Gram(s),usable,5.0
1402084,255842,Creatine Monohydrate,5,Gram(s),usable,5.0
1402626,255925,Creatine Monohydrate,3,Gram(s),usable,3.0
1402627,255925,Creatine Monohydrate,6,Gram(s),usable,6.0
1402774,255937,Creatine Monohydrate,5,Gram(s),usable,5.0
1402775,255937,Creatine Monohydrate,10,Gram(s),usable,10.0
1404201,256184,Creatine Monohydrate,2000,mg,usable,2.0
1404216,256190,Creatine Monohydrate,2000,mg,usable,2.0
1405572,256343,Creatine Monohydrate powder,4800,mg,usable,4.8
1408907,256626,Creatine Monohydrate,5,Gram(s),usable,5.0
1411588,256928,Creatine Monohydrate,2100,mg,usable,2.1
20946,2572,Creatine Monohydrate,,,missing_amount,
20973,2573,Creatine Monohydrate,,,missing_amount,
21000,2574,Creatine Monohydrate,,,missing_amount,
1417213,257412,Creatine Monohydrate,3000,mg,usable,3.0
1418038,257575,Creatine Monohydrate,5000,mg,usable,5.0
1418733,257687,Creatine Monohydrate,3,Gram(s),usable,3.0
1418956,257714,L-Creatine Monohydrate,3000,mg,usable,3.0
1419271,257761,Creatine Monohydrate,1750,mg,usable,1.75
1419291,257761,Creatine Monohydrate,3500,mg,usable,3.5
1420987,258012,Creatine Monohydrate,5,Gram(s),usable,5.0
1425238,258526,Creatine Monohydrate,3,Gram(s),usable,3.0
1425239,258526,Creatine Monohydrate,6,Gram(s),usable,6.0
1426568,258636,Creatine Monohydrate,500,mg,usable,0.5
237577,25917,Creatine Monohydrate,5,Gram(s),usable,5.0
1433584,259464,Creatine Monohydrate,,,missing_amount,
1433598,259465,Creatine Monohydrate,,,missing_amount,
1433703,259481,Creatine Monohydrate,,,missing_amount,
1434679,259597,Creatine Monohydrate,,,missing_amount,
1435510,259662,Creatine Monohydrate,5000,mg,usable,5.0
1435511,259662,Creatine Monohydrate,2500,mg,usable,2.5
1436255,259726,Creatine Monohydrate,,,missing_amount,
1438825,259965,Creatine Monohydrate,500,mg,usable,0.5
1439640,260023,Creatine Monohydrate,3,Gram(s),usable,3.0
1439792,260041,Creatine Monohydrate,1500,mg,usable,1.5
1440101,260081,Creatine Monohydrate,,,missing_amount,
1442153,260367,Creatine Monohydrate,5,Gram(s),usable,5.0
1446244,260825,Creatine Monohydrate,5,Gram(s),usable,5.0
1448547,261086,Creatine Monohydrate,5000,mg,usable,5.0
1448828,261120,Creatine Monohydrate,5000,mg,usable,5.0
1449394,261160,Creatine Monohydrate,1250,mg,usable,1.25
1452006,261429,Creatine Monohydrate,5000,mg,usable,5.0
1454718,261804,Creatine Monohydrate,5000,mg,usable,5.0
1454745,261813,Creatine Monohydrate,5000,mg,usable,5.0
1454746,261814,Creatine Monohydrate,5000,mg,usable,5.0
21591,2619,Creatine Monohydrate,,,missing_amount,
1458713,262238,Creatine Monohydrate,,,missing_amount,
1464223,262856,Creatine Monohydrate,2250,mg,usable,2.25
1464374,262880,Creatine Monohydrate,2250,mg,usable,2.25
1469976,263504,Creatine Monohydrate,3000,mg,usable,3.0
1470349,263593,Creatine Monohydrate,5,Gram(s),usable,5.0
1470596,263645,Creatine Monohydrate powder,4551,mg,usable,4.551
1470694,263658,Creatine Monohydrate,2,Gram(s),usable,2.0
1472411,263919,Creatine Monohydrate,5000,mg,usable,5.0
1472672,263973,Creatine Monohydrate,3,Gram(s),usable,3.0
1479877,264827,Creatine Monohydrate,,,missing_amount,
1479903,264828,Creatine Monohydrate,,,missing_amount,
1479928,264829,Creatine Monohydrate,,,missing_amount,
1480179,264855,Creatine Monohydrate powder,4800,mg,usable,4.8
1480595,264938,Creatine Monohydrate,200,mg,usable,0.2
1481339,265033,Creatine Monohydrate,3,Gram(s),usable,3.0
1484072,265331,Creatine Monohydrate,2500,mg,usable,2.5
1484923,265418,Creatine Monohydrate,1.5,Gram(s),usable,1.5
1485016,265436,Creatine Monohydrate,5,Gram(s),usable,5.0
1485125,265446,Creatine Monohydrate,1.5,Gram(s),usable,1.5
1485159,265452,Creatine Monohydrate,5000,mg,usable,5.0
1485172,265452,Creatine Monohydrate,2500,mg,usable,2.5
1485751,265497,Creatine Monohydrate,2,Gram(s),usable,2.0
1489711,265994,Creatine Monohydrate,,,missing_amount,
1489715,265994,Creatine Monohydrate,,,missing_amount,
246934,26682,Creatine Monohydrate,,,missing_amount,
246935,26682,Creatine Monohydrate,,,missing_amount,
1499095,267283,Creatine Monohydrate,5,Gram(s),usable,5.0
1499096,267284,Creatine Monohydrate,5,Gram(s),usable,5.0
1504042,267718,Creatine Monohydrate,5000,mg,usable,5.0
1505090,267780,Creatine Monohydrate,,,missing_amount,
1505831,267801,Creatine Monohydrate,,,missing_amount,
1505856,267803,Creatine Monohydrate,,,missing_amount,
1506644,267858,Creatine Monohydrate,,,missing_amount,
1506693,267861,Creatine Monohydrate,5,Gram(s),usable,5.0
1506694,267861,Creatine Monohydrate,5,Gram(s),usable,5.0
1506721,267866,Creatine Monohydrate,,,missing_amount,
1506733,267867,Creatine Monohydrate,,,missing_amount,
1506874,267879,Creatine Monohydrate,10,Gram(s),usable,10.0
1506892,267879,Creatine Monohydrate,10,Gram(s),usable,10.0
1507989,267987,Creatine Monohydrate,5000,mg,usable,5.0
1508106,268020,Creatine Monohydrate,5,Gram(s),usable,5.0
1508255,268041,Creatine Monohydrate,3000,mg,usable,3.0
1510562,268261,Creatine Monohydrate,5,Gram(s),usable,5.0
1510618,268268,Creatine Monohydrate,3,Gram(s),usable,3.0
1511668,268422,Creatine Monohydrate,5,Gram(s),usable,5.0
1511669,268422,Creatine Monohydrate,10,Gram(s),usable,10.0
1511670,268422,Creatine Monohydrate,10,Gram(s),usable,10.0
1513556,268659,Creatine Monohydrate,5,Gram(s),usable,5.0
1513983,268684,Creatine Monohydrate,2.5,Gram(s),usable,2.5
1513984,268684,Creatine Monohydrate,5,Gram(s),usable,5.0
1515958,268887,Creatine Monohydrate,1,Gram(s),usable,1.0
1515996,268887,Creatine Monohydrate,1,Gram(s),usable,1.0
1516035,268888,Creatine Monohydrate,1,Gram(s),usable,1.0
1516074,268888,Creatine Monohydrate,1,Gram(s),usable,1.0
1516113,268889,Creatine Monohydrate,1,Gram(s),usable,1.0
1516152,268889,Creatine Monohydrate,1,Gram(s),usable,1.0
1516191,268890,Creatine Monohydrate,1,Gram(s),usable,1.0
1516230,268890,Creatine Monohydrate,1,Gram(s),usable,1.0
1517148,269036,Creatine Monohydrate,5000,mg,usable,5.0
1517167,269038,Creatine Monohydrate,5000,mg,usable,5.0
1518062,269185,Creatine Monohydrate,5,Gram(s),usable,5.0
1518068,269186,Creatine Monohydrate,5,Gram(s),usable,5.0
1518646,269280,Creatine Monohydrate,5000,mg,usable,5.0
1519388,269425,Creatine Monohydrate,3,Gram(s),usable,3.0
1519667,269474,Creatine Monohydrate,3,Gram(s),usable,3.0
1520006,269521,Creatine Monohydrate,3000,mg,usable,3.0
1520112,269534,Creatine Monohydrate,1000,mg,usable,1.0
1520135,269537,Creatine Monohydrate,1000,mg,usable,1.0
22286,2697,Creatine Monohydrate,5,g,usable,5.0
1521052,269751,Creatine Monohydrate,2500,mg,usable,2.5
1521053,269751,Creatine Monohydrate,5000,mg,usable,5.0
1521094,269756,Creatine Monohydrate,5000,mg,usable,5.0
1521106,269756,Creatine Monohydrate,2500,mg,usable,2.5
1521118,269757,Creatine Monohydrate,5000,mg,usable,5.0
1521130,269757,Creatine Monohydrate,2500,mg,usable,2.5
1521142,269758,Creatine Monohydrate,5000,mg,usable,5.0
1521154,269758,Creatine Monohydrate,2500,mg,usable,2.5
1521166,269760,Creatine Monohydrate,5000,mg,usable,5.0
1521178,269760,Creatine Monohydrate,2500,mg,usable,2.5
1521190,269761,Creatine Monohydrate,5000,mg,usable,5.0
1521202,269761,Creatine Monohydrate,2500,mg,usable,2.5
1521543,269777,Creatine Monohydrate,5000,mg,usable,5.0
22290,2701,Creatine Monohydrate,5,g,usable,5.0
1524965,270138,Creatine Monohydrate,3,Gram(s),usable,3.0
1525025,270140,Creatine Monohydrate,3,Gram(s),usable,3.0
1525029,270141,Creatine Monohydrate,5,Gram(s),usable,5.0
1525132,270149,Creatine Monohydrate,3,Gram(s),usable,3.0
1525244,270153,Creatine Monohydrate,1,Gram(s),usable,1.0
1525245,270153,Creatine Monohydrate,1,Gram(s),usable,1.0
22296,2702,Creatine Monohydrate,5,g,usable,5.0
1526833,270330,Creatine Monohydrate,5,Gram(s),usable,5.0
1526980,270345,Creatine Monohydrate,5,Gram(s),usable,5.0
1526981,270346,Creatine Monohydrate,5,Gram(s),usable,5.0
1526982,270347,Creatine Monohydrate,5,Gram(s),usable,5.0
1527493,270439,Creatine Monohydrate,5,Gram(s),usable,5.0
1527647,270453,Creatine Monohydrate,5,Gram(s),usable,5.0
22307,2706,Creatine Monohydrate,3.5,g,usable,3.5
22311,2707,Creatine Monohydrate,2.5,g,usable,2.5
1530090,270771,Creatine Monohydrate,5,Gram(s),usable,5.0
1532262,270994,Creatine Monohydrate,2,Gram(s),usable,2.0
1532340,270999,Creatine Monohydrate,5,Gram(s),usable,5.0
1532642,271033,Creatine Monohydrate,2100,mg,usable,2.1
1533410,271100,Creatine Monohydrate,5000,mg,usable,5.0
1533523,271113,Creatine Monohydrate,5000,mg,usable,5.0
22337,2716,Creatine Monohydrate,5,g,usable,5.0
1537832,271637,Creatine Monohydrate,,,missing_amount,
1537872,271640,Creatine Monohydrate,5000,mg,usable,5.0
1537887,271642,Creatine Monohydrate,5000,mg,usable,5.0
1537904,271644,Creatine Monohydrate,5000,mg,usable,5.0
1538158,271672,Creatine Monohydrate,,,missing_amount,
22341,2717,Creatine Monohydrate,5,g,usable,5.0
1538666,271700,Creatine Monohydrate,,,missing_amount,
1538667,271700,Creatine Monohydrate,,,missing_amount,
1543532,272311,Creatine Monohydrate,4.5,Gram(s),usable,4.5
1543540,272315,Creatine Monohydrate,5,Gram(s),usable,5.0
1544900,272452,Creatine Monohydrate,750,mg,usable,0.75
1545659,272530,Creatine Monohydrate,5,Gram(s),usable,5.0
1547404,272698,Creatine Monohydrate,5000,mg,usable,5.0
1549765,272911,Creatine Monohydrate,,,missing_amount,
1552242,273120,Creatine Monohydrate,5000,mg,usable,5.0
1552243,273120,Creatine Monohydrate,2500,mg,usable,2.5
1554534,273326,Creatine Monohydrate,5,Gram(s),usable,5.0
1557387,273606,Creatine Monohydrate,2.5,Gram(s),usable,2.5
1558074,273702,Creatine Monohydrate,5000,mg,usable,5.0
1559258,273836,Creatine Monohydrate,2.5,Gram(s),usable,2.5
1563539,274287,Creatine Monohydrate,2.25,Gram(s),usable,2.25
1566642,274568,Creatine Monohydrate,5,Gram(s),usable,5.0
1568310,274715,Creatine Monohydrate,5,Gram(s),usable,5.0
1570388,274858,Creatine Monohydrate,,,missing_amount,
1570899,274892,Creatine Monohydrate,,,missing_amount,
1570968,274894,Creatine Monohydrate,,,missing_amount,
1570978,274895,Creatine Monohydrate,,,missing_amount,
1571043,274900,Creatine Monohydrate,,,missing_amount,
1571104,274904,Creatine Monohydrate,,,missing_amount,
1571142,274907,Creatine Monohydrate,,,missing_amount,
1571267,274913,Creatine Monohydrate,,,missing_amount,
1578391,275684,Creatine Monohydrate,5000,mg,usable,5.0
1578402,275685,Creatine Monohydrate,5000,mg,usable,5.0
1578413,275686,Creatine Monohydrate,5000,mg,usable,5.0
1586094,276540,Creatine Monohydrate,5,Gram(s),usable,5.0
1587081,276660,Creatine Monohydrate,2.5,Gram(s),usable,2.5
1587650,276708,Creatine Monohydrate,5,Gram(s),usable,5.0
1587675,276710,Creatine Monohydrate,2.5,Gram(s),usable,2.5
1587682,276711,Creatine Monohydrate,,,missing_amount,
1589511,276968,Creatine Monohydrate,3,Gram(s),usable,3.0
1589712,276992,Creatine Monohydrate,5000,mg,usable,5.0
1596448,277480,Creatine Monohydrate,5,Gram(s),usable,5.0
1598794,277713,Creatine Monohydrate,3,Gram(s),usable,3.0
1598819,277714,Creatine Monohydrate,1.5,Gram(s),usable,1.5
1598839,277715,Creatine Monohydrate,1.5,Gram(s),usable,1.5
1599489,277757,Creatine Monohydrate,5,Gram(s),usable,5.0
1600943,277898,Creatine Monohydrate,2,Gram(s),usable,2.0
1603790,278236,PharmaPure Creatine Monohydrate,5,Gram(s),usable,5.0
1606773,278495,Creatine Monohydrate,,,missing_amount,
1606774,278495,Creatine Monohydrate,,,missing_amount,
1606980,278503,Creatine Monohydrate,5000,mg,usable,5.0
1608315,278647,Creatine Monohydrate,,,missing_amount,
1608319,278647,Creatine Monohydrate,,,missing_amount,
1608491,278659,Creatine Monohydrate,3,Gram(s),usable,3.0
1608508,278660,Creatine Monohydrate,3,Gram(s),usable,3.0
1608525,278661,Creatine Monohydrate,3,Gram(s),usable,3.0
1608542,278662,Creatine Monohydrate,3,Gram(s),usable,3.0
1608559,278663,Creatine Monohydrate,3,Gram(s),usable,3.0
260606,27906,Creatine Monohydrate,500,mg,usable,0.5
260701,27912,Creatine Monohydrate,500,mg,usable,0.5
260878,27930,Creatine Monohydrate,250,mg,usable,0.25
1621189,282184,Creatine Monohydrate,4500,mg,usable,4.5
1621194,282185,Creatine Monohydrate,4500,mg,usable,4.5
1621252,282205,Creatine Monohydrate powder,1000,mg,usable,1.0
1621660,282408,Creatine Monohydrate,5,Gram(s),usable,5.0
1621977,282450,Creatine Monohydrate,5,Gram(s),usable,5.0
1622114,282481,Creatine Monohydrate,2500,mg,usable,2.5
1622115,282481,Creatine Monohydrate,5000,mg,usable,5.0
1623340,282796,Creatine Monohydrate,,,missing_amount,
1626260,283389,Creatine Monohydrate,49,mg,usable,0.049
1630026,284032,Creatine Monohydrate,,,missing_amount,
1630069,284035,Creatine Monohydrate,1500,mg,usable,1.5
1631032,284180,Creatine Monohydrate,3,Gram(s),usable,3.0
23629,2843,Creatine Monohydrate,4.5,g,usable,4.5
265424,28442,Creatine Monohydrate,2.5,Gram(s),usable,2.5
265426,28443,Creatine Monohydrate,3.6,Gram(s),usable,3.6
1633530,284938,Creatine Monohydrate,2500,mg,usable,2.5
1633531,284938,Creatine Monohydrate,5000,mg,usable,5.0
1634631,285141,Creatine Monohydrate; Powder,,,missing_amount,
1635645,285367,Creatine Monohydrate,8000,mg,usable,8.0
1635671,285367,Creatine Monohydrate,4000,mg,usable,4.0
1639290,286056,Creatine Monohydrate; Powder,4800,mg,usable,4.8
1639427,286061,Creatine Monohydrate,5000,mg,usable,5.0
1642385,286453,Creatine Monohydrate; Pure,5000,mg,usable,5.0
1644365,286800,Creatine Monohydrate,5,Gram(s),usable,5.0
1645127,286922,Creatine Monohydrate,1500,mg,usable,1.5
1645128,286922,Creatine Monohydrate,3000,mg,usable,3.0
1645282,286943,Creatine Monohydrate,3000,mg,usable,3.0
1646074,287126,Creatine Monohydrate,1.7,Gram(s),usable,1.7
23997,2877,Creatine Monohydrate,,,missing_amount,
23998,2877,Creatine Monohydrate,,,missing_amount,
1651605,287971,Creatine Monohydrate; Powder,,,missing_amount,
1652489,288081,Creatine Monohydrate,2500,mg,usable,2.5
1652490,288081,Creatine Monohydrate,1250,mg,usable,1.25
24213,2884,Creatine Monohydrate,,,missing_amount,
24257,2885,Creatine Monohydrate,,,missing_amount,
1658729,288538,Creatine Monohydrate,,,missing_amount,
24290,2886,Creatine Monohydrate,,,missing_amount,
1661401,288807,Creatine Monohydrate,3,Gram(s),usable,3.0
1661476,288811,Creatine Monohydrate,3,Gram(s),usable,3.0
1663004,289160,Creatine Monohydrate,1500,mg,usable,1.5
1663005,289160,Creatine Monohydrate,3000,mg,usable,3.0
1663063,289166,Creatine Monohydrate,3,Gram(s),usable,3.0
1665224,290441,Creatine Monohydrate powder,1000,mg,usable,1.0
275247,29080,Creatine Monohydrate,5,Gram(s),usable,5.0
275248,29081,Creatine Monohydrate,5,Gram(s),usable,5.0
275249,29082,Creatine Monohydrate,5,Gram(s),usable,5.0
1667830,291751,Creatine Monohydrate,5,Gram(s),usable,5.0
1668055,291779,Creatine Monohydrate,5,Gram(s),usable,5.0
1669470,291997,Creatine Monohydrate,,,missing_amount,
1669608,292007,Creatine Monohydrate,1.3,Gram(s),usable,1.3
1669641,292008,Creatine Monohydrate,1.3,Gram(s),usable,1.3
1669674,292009,Creatine Monohydrate,1.3,Gram(s),usable,1.3
1669707,292010,Creatine Monohydrate,1.3,Gram(s),usable,1.3
1673518,292532,Creatine Monohydrate,2.5,Gram(s),usable,2.5
1673536,292533,Creatine Monohydrate,2.5,Gram(s),usable,2.5
1673554,292534,Creatine Monohydrate,2.5,Gram(s),usable,2.5
1673572,292535,Creatine Monohydrate,2.5,Gram(s),usable,2.5
1674084,292627,Creatine Monohydrate,10,Gram(s),usable,10.0
1674085,292627,Creatine Monohydrate,10,Gram(s),usable,10.0
1682377,293451,Creatine Monohydrate,1500,mg,usable,1.5
1682827,293598,Creatine Monohydrate,3000,mg,usable,3.0
1684939,293892,Creatine Monohydrate,250,mg,usable,0.25
1685876,294028,Creatine Monohydrate,375,mg,usable,0.375
25322,2943,Creatine Monohydrate,3,g,usable,3.0
1696455,295377,Creatine Monohydrate,1250,mg,usable,1.25
1696712,295400,Creatine Monohydrate,2.5,Gram(s),usable,2.5
1696728,295401,Creatine Monohydrate,2.5,Gram(s),usable,2.5
1698128,295670,Creatine Monohydrate,5,Gram(s),usable,5.0
1698878,295771,Creatine Monohydrate,5,Gram(s),usable,5.0
1700587,295923,Creatine Monohydrate,1.5,Gram(s),usable,1.5
1701893,296140,Creatine Monohydrate,1000,mg,usable,1.0
1701894,296140,Creatine Monohydrate,3000,mg,usable,3.0
1704339,296436,Creatine Monohydrate,5,Gram(s),usable,5.0
1704441,296445,Creatine Monohydrate,,,missing_amount,
1706284,296647,Creatine Monohydrate; Powder,4.8,Gram(s),usable,4.8
1709644,296897,Creatine Monohydrate,2,Gram(s),usable,2.0
1709691,296898,Creatine Monohydrate,2,Gram(s),usable,2.0
1716563,297634,Creatine Monohydrate,5,Gram(s),usable,5.0
1718262,297711,Creatine Monohydrate,,,missing_amount,
1718287,297713,Creatine Monohydrate,2000,mg,usable,2.0
1718407,297728,Creatine Monohydrate,,,missing_amount,
1720693,297982,Creatine Monohydrate,5000,mg,usable,5.0
1720705,297982,Creatine Monohydrate,2500,mg,usable,2.5
1720717,297983,Creatine Monohydrate,5000,mg,usable,5.0
1720729,297983,Creatine Monohydrate,2500,mg,usable,2.5
1720741,297984,Creatine Monohydrate,5000,mg,usable,5.0
1720753,297984,Creatine Monohydrate,2500,mg,usable,2.5
1720765,297985,Creatine Monohydrate,5000,mg,usable,5.0
1720777,297985,Creatine Monohydrate,2500,mg,usable,2.5
1720789,297986,Creatine Monohydrate,5000,mg,usable,5.0
1720801,297986,Creatine Monohydrate,2500,mg,usable,2.5
1721464,298066,Creatine Monohydrate,5,Gram(s),usable,5.0
1725617,298415,Creatine Monohydrate,5000,mg,usable,5.0
1728677,298659,Creatine Monohydrate,,,missing_amount,
1728805,298670,Creatine Monohydrate,,,missing_amount,
1728834,298673,Creatine Monohydrate,,,missing_amount,
1728851,298675,Creatine Monohydrate,,,missing_amount,
1728869,298677,Creatine Monohydrate,,,missing_amount,
1728879,298678,Creatine Monohydrate,,,missing_amount,
1728938,298684,Creatine Monohydrate,,,missing_amount,
1728997,298689,Creatine Monohydrate,,,missing_amount,
1729006,298690,Creatine Monohydrate,,,missing_amount,
1729027,298693,Creatine Monohydrate,5,Gram(s),usable,5.0
1733900,299028,Creatine Monohydrate,250,mg,usable,0.25
1733949,299029,Creatine Monohydrate,375,mg,usable,0.375
1734605,299095,Creatine Monohydrate,750,mg,usable,0.75
1735237,299161,Creatine Monohydrate,5,Gram(s),usable,5.0
1735852,299228,Creatine Monohydrate,5,Gram(s),usable,5.0
1735853,299228,Creatine Monohydrate,2.5,Gram(s),usable,2.5
1735911,299232,Creatine Monohydrate,5,Gram(s),usable,5.0
1735912,299232,Creatine Monohydrate,2.5,Gram(s),usable,2.5
1735994,299235,Creatine Monohydrate,2500,mg,usable,2.5
1735995,299235,Creatine Monohydrate,5000,mg,usable,5.0
1736587,299267,Creatine Monohydrate,5000,mg,usable,5.0
1736693,299276,Creatine Monohydrate powder,4551,mg,usable,4.551
1737467,299351,Creatine Monohydrate,94.5,mg,usable,0.0945
1737504,299352,Creatine Monohydrate,500,mg,usable,0.5
1737531,299353,Creatine Monohydrate,500,mg,usable,0.5
1737558,299354,Creatine Monohydrate,500,mg,usable,0.5
1737584,299355,Creatine Monohydrate,250,mg,usable,0.25
1737612,299356,Creatine Monohydrate,625,mg,usable,0.625
283658,29971,Creatine Monohydrate,1000,mg,usable,1.0
283671,29973,Creatine Monohydrate,1000,mg,usable,1.0
1739960,299743,Creatine Monohydrate,250,mg,usable,0.25
283684,29975,Creatine Monohydrate,1000,mg,usable,1.0
1740004,299751,Creatine Monohydrate,375,mg,usable,0.375
1740217,299799,Creatine Monohydrate,5,Gram(s),usable,5.0
1740294,299807,Creatine Monohydrate,5,Gram(s),usable,5.0
284197,30006,Creapure 100% Ultra Pure Creatine Monohydrate,3000,mg,usable,3.0
1742527,300083,Creatine Monohydrate,5,Gram(s),usable,5.0
1743078,300124,Creatine Monohydrate,5,Gram(s),usable,5.0
1743084,300125,Creatine Monohydrate,5,Gram(s),usable,5.0
1743576,300197,Creatine Monohydrate,1500,mg,usable,1.5
1743601,300198,Creatine Monohydrate,1500,mg,usable,1.5
1746852,301114,Creatine Monohydrate,5000,mg,usable,5.0
1746853,301114,Creatine Monohydrate,2500,mg,usable,2.5
1746876,301115,Creatine Monohydrate,2500,mg,usable,2.5
1746877,301115,Creatine Monohydrate,5000,mg,usable,5.0
1746898,301116,Creatine Monohydrate; Micronized,5,Gram(s),usable,5.0
1746970,301123,Creatine Monohydrate,5000,mg,usable,5.0
1746971,301123,Creatine Monohydrate,2500,mg,usable,2.5
1746994,301124,Creatine Monohydrate,2500,mg,usable,2.5
1746995,301124,Creatine Monohydrate,5000,mg,usable,5.0
1747018,301125,Creatine Monohydrate,2500,mg,usable,2.5
1747019,301125,Creatine Monohydrate,5000,mg,usable,5.0
1747042,301126,Creatine Monohydrate,5000,mg,usable,5.0
1747043,301126,Creatine Monohydrate,2500,mg,usable,2.5
1747066,301127,Creatine Monohydrate,5000,mg,usable,5.0
1747067,301127,Creatine Monohydrate,2500,mg,usable,2.5
1747090,301128,Creatine Monohydrate,2500,mg,usable,2.5
1747091,301128,Creatine Monohydrate,5000,mg,usable,5.0
1747114,301129,Creatine Monohydrate,2500,mg,usable,2.5
1747115,301129,Creatine Monohydrate,5000,mg,usable,5.0
1747144,301133,Creatine Monohydrate,2500,mg,usable,2.5
1747145,301133,Creatine Monohydrate,5000,mg,usable,5.0
1747166,301134,Creatine Monohydrate,2500,mg,usable,2.5
1747167,301134,Creatine Monohydrate,5000,mg,usable,5.0
1747188,301135,Creatine Monohydrate,2500,mg,usable,2.5
1747189,301135,Creatine Monohydrate,5000,mg,usable,5.0
1747210,301136,Creatine Monohydrate,2500,mg,usable,2.5
1747211,301136,Creatine Monohydrate,5000,mg,usable,5.0
1747232,301137,Creatine Monohydrate,2500,mg,usable,2.5
1747233,301137,Creatine Monohydrate,5000,mg,usable,5.0
1747254,301138,Creatine Monohydrate,2500,mg,usable,2.5
1747255,301138,Creatine Monohydrate,5000,mg,usable,5.0
1747276,301139,Creatine Monohydrate,5000,mg,usable,5.0
1747277,301139,Creatine Monohydrate,2500,mg,usable,2.5
1747298,301140,Creatine Monohydrate,5000,mg,usable,5.0
1747299,301140,Creatine Monohydrate,2500,mg,usable,2.5
1747320,301141,Creatine Monohydrate,2500,mg,usable,2.5
1747321,301141,Creatine Monohydrate,5000,mg,usable,5.0
1750149,302067,Creatine Monohydrate,2000,mg,usable,2.0
1750171,302071,Creatine Monohydrate,2000,mg,usable,2.0
1750320,302093,Creatine Monohydrate,1000,mg,usable,1.0
1750321,302094,Creatine Monohydrate,5000,mg,usable,5.0
1750575,302141,Creatine Monohydrate,3000,mg,usable,3.0
285715,30217,Creapure(R) 100% Ultra Pure Concentrated Creatine Monohydrate,,,missing_amount,
285774,30224,Creapure(R) 100% Ultra Pure Concentrated Creatine Monohydrate,,,missing_amount,
285785,30225,Creapure(R) 100% Ultra Pure Concentrated Creatine Monohydrate,,,missing_amount,
285811,30228,Creapure(R) 100% Ultra Pure Concentrated Creatine Monohydrate,,,missing_amount,
285845,30231,Creapure(R) 100% Ultra Pure Concentrated Creatine Monohydrate,,,missing_amount,
285868,30234,Creapure(R) 100% Ultra Pure Concentrated Creatine Monohydrate,,,missing_amount,
1752063,302361,Creatine Monohydrate,5,Gram(s),usable,5.0
1752799,302416,Creatine Monohydrate,1,Gram(s),usable,1.0
1752800,302416,Creatine Monohydrate,1,Gram(s),usable,1.0
1752889,302418,Creatine Monohydrate,1,Gram(s),usable,1.0
1752890,302418,Creatine Monohydrate,1,Gram(s),usable,1.0
1752935,302419,Creatine Monohydrate,1,Gram(s),usable,1.0
1752936,302419,Creatine Monohydrate,1,Gram(s),usable,1.0
1752983,302420,Creatine Monohydrate,1,Gram(s),usable,1.0
1752984,302420,Creatine Monohydrate,1,Gram(s),usable,1.0
1753031,302421,Creatine Monohydrate,1,Gram(s),usable,1.0
1753032,302421,Creatine Monohydrate,1,Gram(s),usable,1.0
1763478,303430,Creatine Monohydrate,5000,mg,usable,5.0
1764146,303521,Creatine Monohydrate,2.5,Gram(s),usable,2.5
1764147,303521,Creatine Monohydrate,5,Gram(s),usable,5.0
1769186,304068,Creatine Monohydrate,5,Gram(s),usable,5.0
1771460,304347,Creatine Monohydrate; Powder,5,Gram(s),usable,5.0
287368,30447,Creatine Monohydrate,5,Gram(s),usable,5.0
287713,30488,Creatine Monohydrate,,,missing_amount,
1778119,305022,Creatine Monohydrate,5000,mg,usable,5.0
1778120,305022,Creatine Monohydrate,2500,mg,usable,2.5
1778867,305112,Creatine Monohydrate,5000,mg,usable,5.0
1780119,305259,Creatine Monohydrate,,,missing_amount,
287955,30535,Creatine Monohydrate,,,missing_amount,
287993,30538,Creatine Monohydrate,,,missing_amount,
288064,30553,Creatine Monohydrate,,,missing_amount,
288465,30577,Creatine Monohydrate,,,missing_amount,
1783511,305911,Creatine Monohydrate,1.5,Gram(s),usable,1.5
1785561,306203,Creatine Monohydrate; Micronized,5,Gram(s),usable,5.0
1785564,306204,Creatine Monohydrate; Micronized,2250,mg,usable,2.25
1786740,306344,Creatine Monohydrate,,,missing_amount,
1788609,306594,Creatine Monohydrate,,,missing_amount,
1788627,306595,Creatine Monohydrate,,,missing_amount,
1791021,306885,Creatine Monohydrate,5000,mg,usable,5.0
1792358,307023,Creatine Monohydrate,5,Gram(s),usable,5.0
1793318,307171,Creatine Monohydrate,5,Gram(s),usable,5.0
290247,30731,Creatine Mono,,,missing_amount,
290388,30734,Creatine Mono,,,missing_amount,
290626,30740,Creatine Monohydrate,2.5,Gram(s),usable,2.5
290627,30740,Creatine Monohydrate,6,Gram(s),usable,6.0
291136,30769,Creatine Monohydrate,,,missing_amount,
291154,30770,Creatine Monohydrate,,,missing_amount,
1795534,307782,Creatine Monohydrate; Micronized,5,Gram(s),usable,5.0
1795535,307783,Creatine Monohydrate; Micronized,5,Gram(s),usable,5.0
1795536,307784,Creatine Monohydrate; Micronized,5,Gram(s),usable,5.0
27009,3080,Creatine Monohydrate,5,Gram(s),usable,5.0
1797911,308100,Creatine Monohydrate,5000,mg,usable,5.0
1798091,308117,Creatine Monohydrate; Micronized,5,Gram(s),usable,5.0
1798910,308171,Creatine Monohydrate,5000,mg,usable,5.0
1798915,308172,Creatine Monohydrate,5000,mg,usable,5.0
1798920,308173,Creatine Monohydrate,5000,mg,usable,5.0
1798925,308174,Creatine Monohydrate,5000,mg,usable,5.0
1798936,308175,Creatine Monohydrate,5000,mg,usable,5.0
1798941,308176,Creatine Monohydrate,5000,mg,usable,5.0
1798946,308177,Creatine Monohydrate,5000,mg,usable,5.0
1798951,308178,Creatine Monohydrate,5000,mg,usable,5.0
1798956,308179,Creatine Monohydrate,5000,mg,usable,5.0
1800074,308305,Creatine Monohydrate,2500,mg,usable,2.5
1800075,308305,Creatine Monohydrate,5000,mg,usable,5.0
1800096,308306,Creatine Monohydrate; Instantized,5,Gram(s),usable,5.0
1801420,308432,Creatine Monohydrate,1,Gram(s),usable,1.0
1801421,308432,Creatine Monohydrate,1,Gram(s),usable,1.0
292455,30865,Creatine Monohydrate,,,missing_amount,
292553,30868,Creatine Monohydrate,,,missing_amount,
1802535,308693,Creatine Monohydrate,5,Gram(s),usable,5.0
1802536,308694,Creatine Monohydrate,5,Gram(s),usable,5.0
292618,30872,Creatine Monohydrate,,,missing_amount,
1806782,309327,PharmaPure Creatine Monohydrate,5,Gram(s),usable,5.0
1808846,309604,Creatine Monohydrate; Micronized,5,Gram(s),usable,5.0
1809607,309674,Creatine Monohydrate,2.5,Gram(s),usable,2.5
293744,30971,Creatine Monohydrate,1500,mg,usable,1.5
294105,30989,Creatine Monohydrate,1,Gram(s),usable,1.0
294106,30989,Creatine Monohydrate,1,Gram(s),usable,1.0
1812437,310068,Creatine Monohydrate,5,Gram(s),usable,5.0
1812486,310074,Creatine Monohydrate,5,Gram(s),usable,5.0
27364,3102,Creatine Monohydrate,,,missing_amount,
27387,3103,Creatine Monohydrate,,,missing_amount,
296491,31119,Creatine Monohydrate,,,missing_amount,
297735,31216,Creatine Monohydrate,,,missing_amount,
1821560,312220,Creatine Monohydrate,2500,mg,usable,2.5
1821561,312220,Creatine Monohydrate,5000,mg,usable,5.0
1821747,312227,Creatine Monohydrate,5000,mg,usable,5.0
1821863,312230,Creatine Monohydrate,5,Gram(s),usable,5.0
297868,31228,Creatine Monohydrate,,,missing_amount,
297889,31229,Creatine Monohydrate,,,missing_amount,
1823096,312635,Creatine Monohydrate,5,Gram(s),usable,5.0
1823099,312636,Creatine Monohydrate,5,Gram(s),usable,5.0
1823311,312647,Creatine Monohydrate,,,missing_amount,
1823686,312751,Creatine Monohydrate,5,Gram(s),usable,5.0
1823687,312752,Creatine Monohydrate,5,Gram(s),usable,5.0
1823688,312753,Creatine Monohydrate,5,Gram(s),usable,5.0
1824595,312883,Creatine Monohydrate,5000,mg,usable,5.0
1824997,313016,Creatine Monohydrate,,,missing_amount,
1826810,313189,Creatine Monohydrate,5000,mg,usable,5.0
1835258,314255,Creatine Monohydrate,5,Gram(s),usable,5.0
1835259,314256,Creatine Monohydrate,5,Gram(s),usable,5.0
1835260,314257,Creatine Monohydrate,5,Gram(s),usable,5.0
1835261,314258,Creatine Monohydrate,4.5,Gram(s),usable,4.5
1835262,314259,Creatine Monohydrate,4.5,Gram(s),usable,4.5
301065,31429,Creatine Monohydrate,1,Gram(s),usable,1.0
301066,31429,Creatine Monohydrate,1,Gram(s),usable,1.0
1836128,314398,Creatine Monohydrate,250,mg,usable,0.25
301187,31444,Creatine Monohydrate,,,missing_amount,
301209,31446,Creatine Monohydrate,,,missing_amount,
1837684,314684,Creatine Monohydrate; Micronized,5000,mg,usable,5.0
301729,31477,Creatine Monohydrate,,,missing_amount,
301764,31478,Creatine Monohydrate,,,missing_amount,
1839180,314858,Creatine Monohydrate,5000,mg,usable,5.0
1839193,314860,Creatine Monohydrate,1000,mg,usable,1.0
1839855,314952,Creatine Monohydrate,8000,mg,usable,8.0
1840192,314974,Creatine Monohydrate,,,missing_amount,
1840217,314975,Creatine Monohydrate,,,missing_amount,
1840242,314976,Creatine Monohydrate,,,missing_amount,
1840267,314977,Creatine Monohydrate,,,missing_amount,
1840307,314980,Creatine Monohydrate,,,missing_amount,
1840332,314981,Creatine Monohydrate,,,missing_amount,
1842684,315323,Creatine Monohydrate,5,Gram(s),usable,5.0
1842685,315324,Creatine Monohydrate,5,Gram(s),usable,5.0
1843241,315378,Creatine Monohydrate,5,Gram(s),usable,5.0
302281,31543,Creapure(R) 100% Ultra Pure Concentrated Creatine Monohydrate,,,missing_amount,
302293,31545,Creapure(R) 100% Ultra Pure Concentrated Creatine Monohydrate,,,missing_amount,
302342,31547,Creapure(R) 100% Ultra Pure Concentrated Creatine Monohydrate,,,missing_amount,
1843996,315486,Creatine Monohydrate,10,Gram(s),usable,10.0
1844330,315548,Creatine Monohydrate,5,Gram(s),usable,5.0
1844432,315559,Creatine Monohydrate,2500,mg,usable,2.5
1844438,315560,Creatine Monohydrate; Micronized,5,Gram(s),usable,5.0
1844549,315598,Creatine Monohydrate,5,Gram(s),usable,5.0
302947,31576,Creatine Monohydrate,,,missing_amount,
303060,31583,Creatine Monohydrate,,,missing_amount,
1849247,316113,Creatine Monohydrate,,,missing_amount,
1850410,316274,Creatine Monohydrate,5000,mg,usable,5.0
1851074,316362,Creatine Monohydrate,1000,mg,usable,1.0
304041,31651,Creatine Monohydrate,2500,mg,usable,2.5
1856279,316993,Creatine Monohydrate,,,missing_amount,
1857793,317065,Creatine Monohydrate,,,missing_amount,
1861362,317365,Creatine Monohydrate,5000,mg,usable,5.0
1861879,317414,Creatine Monohydrate,5,Gram(s),usable,5.0
305497,31772,Creatine Monohydrate,,,missing_amount,
1864537,317721,Creatine Monohydrate,500,mg,usable,0.5
305661,31775,Creatine Monohydrate,,,missing_amount,
1864996,317784,Creatine Monohydrate,5000,mg,usable,5.0
28497,3178,Creatine Monohydrate,2000,mg,usable,2.0
1865790,317855,Creatine Monohydrate; Powder,5,Gram(s),usable,5.0
1868697,318103,Creatine Monohydrate,5,Gram(s),usable,5.0
1868763,318108,Creatine; Micronized,1.5,Gram(s),usable,1.5
1868854,318120,Creatine Monohydrate,5000,mg,usable,5.0
1871003,318411,Creatine Monohydrate,3,Gram(s),usable,3.0
1872755,318608,Creatine Monohydrate; Micronized,3,Gram(s),usable,3.0
1872756,318609,Creatine Monohydrate; Micronized,5,Gram(s),usable,5.0
1873143,318656,Creatine Monohydrate; Powder,4800,mg,usable,4.8
1873676,318691,Creatine Monohydrate,500,mg,usable,0.5
306974,31880,Creatine Monohydrate,,,missing_amount,
1876537,319042,Creatine Monohydrate,2.5,Gram(s),usable,2.5
1876538,319042,Creatine Monohydrate,5,Gram(s),usable,5.0
1876754,319075,Creatine Monohydrate,5000,mg,usable,5.0
307311,31918,Creatine Monohydrate,,,missing_amount,
307375,31920,Creatine Monohydrate,,,missing_amount,
1880756,319465,Creatine Monohydrate,5,Gram(s),usable,5.0
1880788,319468,Creatine Monohydrate,,,missing_amount,
1881110,319530,Creatine Monohydrate,2200,mg,usable,2.2
1881743,319638,Creatine Monohydrate,3,Gram(s),usable,3.0
1881768,319639,Creatine Monohydrate,5,Gram(s),usable,5.0
1881769,319639,Creatine Monohydrate,10,Gram(s),usable,10.0
1881805,319643,Creatine Monohydrate; Micronized,5,Gram(s),usable,5.0
1882142,319746,Creatine Monohydrate,5000,mg,usable,5.0
1883715,319919,Creatine; Micronized,1.5,Gram(s),usable,1.5
1883757,319922,Creatine; Micronized,1.5,Gram(s),usable,1.5
309050,32007,Creatine Monohydrate,,,missing_amount,
309481,32029,Creatine Monohydrate,49,mg,usable,0.049
309736,32041,Creatine Monohydrate,2500,mg,usable,2.5
309737,32041,Creatine Monohydrate,5000,mg,usable,5.0
309781,32044,Creatine Monohydrate,5000,mg,usable,5.0
309782,32044,Creatine Monohydrate,2500,mg,usable,2.5
1889998,320654,Creatine Monohydrate,3,Gram(s),usable,3.0
1893078,320871,Creatine Monohydrate,5,Gram(s),usable,5.0
1894930,321072,Creatine Monohydrate,5000,mg,usable,5.0
310585,32120,Creatine Monohydrate,,,missing_amount,
1898629,321458,Creatine Monohydrate,5,Gram(s),usable,5.0
1899369,321537,Creatine Monohydrate,2.5,Gram(s),usable,2.5
1899398,321538,Creatine Monohydrate,2.5,Gram(s),usable,2.5
1899518,321547,Creatine Monohydrate; Micronized,5,Gram(s),usable,5.0
1899706,321580,Creatine Monohydrate,5,Gram(s),usable,5.0
1900366,321629,Creatine Monohydrate,5,Gram(s),usable,5.0
1900401,321635,Creatine Monohydrate,5,Gram(s),usable,5.0
1900402,321636,Creatine Monohydrate,5,Gram(s),usable,5.0
1900403,321637,Creatine Monohydrate,5,Gram(s),usable,5.0
1900456,321640,Creatine Monohydrate,5000,mg,usable,5.0
1900480,321642,Creatine Monohydrate,5,Gram(s),usable,5.0
1900483,321643,Creatine Monohydrate,5000,mg,usable,5.0
1900533,321647,Creatine Monohydrate,610,mg,usable,0.61
1900569,321648,Creatine Monohydrate,500,mg,usable,0.5
1900598,321649,Creatine Monohydrate,625,mg,usable,0.625
1902288,321834,Creatine Monohydrate,5,Gram(s),usable,5.0
1902289,321835,Creatine Monohydrate,5,Gram(s),usable,5.0
1902290,321836,Creatine Monohydrate,5,Gram(s),usable,5.0
1902767,321870,Creatine Monohydrate; Micronized,5000,mg,usable,5.0
1902770,321871,Creatine Monohydrate,2500,mg,usable,2.5
1902771,321871,Creatine Monohydrate,5000,mg,usable,5.0
1902794,321873,Creatine Monohydrate,2500,mg,usable,2.5
1902795,321873,Creatine Monohydrate,5000,mg,usable,5.0
1902818,321874,Creatine Monohydrate,5000,mg,usable,5.0
1902819,321874,Creatine Monohydrate,2500,mg,usable,2.5
1902901,321881,Creatine Monohydrate,5000,mg,usable,5.0
1904203,322042,Creatine Monohydrate,5000,mg,usable,5.0
1905024,322135,Creatine Monohydrate,5,Gram(s),usable,5.0
1906291,322238,Creatine Monohydrate,5,Gram(s),usable,5.0
1907439,322402,Creatine Monohydrate,200,mg,usable,0.2
1908745,322542,Creatine Monohydrate,3,Gram(s),usable,3.0
1908819,322549,Creatine Monohydrate,2500,mg,usable,2.5
1908820,322549,Creatine Monohydrate,5000,mg,usable,5.0
1909054,322563,Creatine Monohydrate,5,Gram(s),usable,5.0
1909095,322564,Creatine Monohydrate,5,Gram(s),usable,5.0
1909440,322587,Creatine Monohydrate,,,missing_amount,
1909481,322588,Creatine Monohydrate,,,missing_amount,
1909518,322589,Creatine Monohydrate,1.3,Gram(s),usable,1.3
1909845,322605,Creatine Monohydrate,5000,mg,usable,5.0
1909846,322606,Creatine Monohydrate,5000,mg,usable,5.0
1909852,322607,Creatine Monohydrate,5,Gram(s),usable,5.0
1912553,322867,Creatine Monohydrate,5000,mg,usable,5.0
312895,32295,Creatine Monohydrate,5,Gram(s),usable,5.0
1915594,323177,Creatine Monohydrate,3000,mg,usable,3.0
1919687,323473,Creatine Monohydrate,3,Gram(s),usable,3.0
1919691,323474,Creatine Monohydrate,3,Gram(s),usable,3.0
1919695,323475,Creatine Monohydrate,3,Gram(s),usable,3.0
1920163,323518,Creatine Monohydrate,5000,mg,usable,5.0
1922598,323714,Creatine Monohydrate,2500,mg,usable,2.5
1922599,323714,Creatine Monohydrate,5000,mg,usable,5.0
1922649,323723,Creatine Monohydrate,3000,mg,usable,3.0
1923045,323742,Creatine Monohydrate,2,Gram(s),usable,2.0
29618,3246,Creatine Monohydrate,,,missing_amount,
1925876,325579,Creatine Monohydrate,5,Gram(s),usable,5.0
1925966,325587,Creatine Monohydrate,5000,mg,usable,5.0
1926075,325597,Creatine Monohydrate,2.5,Gram(s),usable,2.5
1926076,325597,Creatine Monohydrate,5,Gram(s),usable,5.0
1926291,325648,Creatine Monohydrate,1,Gram(s),usable,1.0
1927978,325794,Creatine Monohydrate,3000,mg,usable,3.0
1928142,325807,Creatine Monohydrate,1000,mg,usable,1.0
1928143,325807,Creatine Monohydrate,3000,mg,usable,3.0
1932020,326283,Creatine Monohydrate,2000,mg,usable,2.0
1933163,326383,Creatine Monohydrate,5000,mg,usable,5.0
1933191,326385,Creatine Monohydrate,2000,mg,usable,2.0
1933199,326386,Creatine Monohydrate,3000,mg,usable,3.0
1933210,326387,Creatine Monohydrate,2000,mg,usable,2.0
1933229,326388,Creatine Monohydrate,2000,mg,usable,2.0
1933248,326389,Creatine Monohydrate,2000,mg,usable,2.0
1933267,326390,Creatine Monohydrate,2000,mg,usable,2.0
1933299,326391,Creatine Monohydrate,2000,mg,usable,2.0
1934035,326480,Creatine Monohydrate,5,Gram(s),usable,5.0
1934036,326481,Creatine Monohydrate,5,Gram(s),usable,5.0
1934064,326485,Creatine Monohydrate,1,Gram(s),usable,1.0
1934187,326503,Creatine Monohydrate; Micronized,2500,mg,usable,2.5
1934194,326504,Creatine Monohydrate; Micronized,2500,mg,usable,2.5
1934245,326509,Creatine Monohydrate,,,missing_amount,
1934257,326510,Creatine Monohydrate,,,missing_amount,
1934385,326521,Creatine Monohydrate,5,Gram(s),usable,5.0
1934798,326574,Creatine Monohydrate,5000,mg,usable,5.0
1935242,326612,Creatine Monohydrate,,,missing_amount,
1935256,326613,Creatine Monohydrate,,,missing_amount,
1935306,326618,Creatine Monohydrate,,,missing_amount,
1935319,326619,Creatine Monohydrate,,,missing_amount,
1935332,326620,Creatine Monohydrate,,,missing_amount,
1935492,326632,Creatine Monohydrate,,,missing_amount,
1935505,326633,Creatine Monohydrate,,,missing_amount,
1935514,326634,Creatine Monohydrate,,,missing_amount,
1935523,326635,Creatine Monohydrate,,,missing_amount,
1935531,326636,Creatine Monohydrate,,,missing_amount,
1935540,326637,Creatine Monohydrate,,,missing_amount,
1935612,326643,Creatine Monohydrate,,,missing_amount,
1937787,326996,Creatine Monohydrate,5,Gram(s),usable,5.0
1937788,326997,Creatine Monohydrate,5,Gram(s),usable,5.0
1937823,327002,Creatine Monohydrate,1,Gram(s),usable,1.0
1937947,327011,Creatine Monohydrate,2,Gram(s),usable,2.0
1937962,327012,Creatine Monohydrate,2,Gram(s),usable,2.0
1937977,327013,Creatine Monohydrate,2,Gram(s),usable,2.0
1937992,327014,Creatine Monohydrate,2,Gram(s),usable,2.0
1938738,327157,Creatine Monohydrate,5,Gram(s),usable,5.0
1939281,327228,Creatine Monohydrate,5000,mg,usable,5.0
1940754,327365,Creatine Monohydrate,5,Gram(s),usable,5.0
1940770,327366,Creatine Monohydrate,5,Gram(s),usable,5.0
1940788,327367,Creatine Monohydrate,10,Gram(s),usable,10.0
1940910,327384,Creatine Monohydrate; Micronized,5,Gram(s),usable,5.0
1940945,327387,Creatine Monohydrate,2,Gram(s),usable,2.0
1946550,327764,Creatine Monohydrate,5,Gram(s),usable,5.0
1946727,327780,Creatine Monohydrate,10,Gram(s),usable,10.0
1946743,327781,Creatine Monohydrate,10,Gram(s),usable,10.0
1949436,328026,Creatine Monohydrate,6000,mg,usable,6.0
1954482,328373,Creatine Monohydrate,5000,mg,usable,5.0
1954493,328374,Creatine Monohydrate,5000,mg,usable,5.0
1954498,328375,Creatine Monohydrate,5000,mg,usable,5.0
1954935,328409,Creatine Monohydrate,1000,mg,usable,1.0
1957632,328768,Creatine Monohydrate,1,Gram(s),usable,1.0
1957716,328777,Creatine Monohydrate,5000,mg,usable,5.0
1957717,328777,Creatine Monohydrate,2500,mg,usable,2.5
1957739,328780,Creatine Monohydrate,5,Gram(s),usable,5.0
1958045,328847,Creatine Monohydrate,2,Gram(s),usable,2.0
1958070,328853,Creatine Monohydrate,2250,mg,usable,2.25
1960739,329188,Creatine Monohydrate,5,Gram(s),usable,5.0
1960740,329189,Creatine Monohydrate,5,Gram(s),usable,5.0
1960889,329213,Creatine Monohydrate,2.5,Gram(s),usable,2.5
1960890,329213,Creatine Monohydrate,5,Gram(s),usable,5.0
1961358,329306,Creatine Monohydrate,5,Gram(s),usable,5.0
1962760,329518,Creatine Monohydrate,6400,mg,usable,6.4
1962762,329519,Creatine Monohydrate,3400,mg,usable,3.4
1962763,329519,Creatine Monohydrate,6800,mg,usable,6.8
1967044,330838,Creatine; Micronized,1.5,Gram(s),usable,1.5
1967059,330840,Creatine; Micronized,1.5,Gram(s),usable,1.5
1967075,330841,Creatine; Micronized,1.5,Gram(s),usable,1.5
319699,33152,Creatine Monohydrate,,,missing_amount,
319733,33154,Creatine Monohydrate,,,missing_amount,
319918,33168,Creatine Monohydrate,3,Gram(s),usable,3.0
1974203,332126,Creatine Monohydrate,5,Gram(s),usable,5.0
1974303,332128,Creatine Monohydrate,1,Gram(s),usable,1.0
1974304,332128,Creatine Monohydrate,1,Gram(s),usable,1.0
1975816,332318,Creatine Monohydrate,4800,mg,usable,4.8
1978172,332621,Creatine Monohydrate,5,Gram(s),usable,5.0
1978744,332658,Creatine Monohydrate,,,missing_amount,
1978769,332659,Creatine Monohydrate,,,missing_amount,
1979499,332817,Creatine Monohydrate,5,Gram(s),usable,5.0
1979556,332824,Creatine Monohydrate,5000,mg,usable,5.0
1979570,332825,Creatine Monohydrate,5000,mg,usable,5.0
1979584,332826,Creatine Monohydrate,5000,mg,usable,5.0
1979779,332846,Creatine Monohydrate,3000,mg,usable,3.0
1979824,332849,Creatine Monohydrate,3000,mg,usable,3.0
1979834,332850,Creatine Monohydrate,3000,mg,usable,3.0
321655,33286,Creatine Monohydrate,1250,mg,usable,1.25
321759,33293,Creatine Monohydrate,250,mg,usable,0.25
321790,33294,Creatine Monohydrate,250,mg,usable,0.25
321823,33296,Creatine Monohydrate,250,mg,usable,0.25
321919,33302,Creatine Monohydrate,,,missing_amount,
1984352,333278,Creatine Monohydrate,5,Gram(s),usable,5.0
1985337,333418,Creatine Monohydrate,2500,mg,usable,2.5
1986445,333566,Creatine Monohydrate,5000,mg,usable,5.0
322651,33357,Creatine Monohydrate,1250,mg,usable,1.25
322670,33359,Creatine Monohydrate,1250,mg,usable,1.25
322691,33363,Creatine Monohydrate,3000,mg,usable,3.0
322700,33364,Creatine Monohydrate,3000,mg,usable,3.0
1986911,333665,Creatine Monohydrate,5,Gram(s),usable,5.0
1986933,333670,Creatine Monohydrate,10.5,Gram(s),usable,10.5
1986934,333670,Creatine Monohydrate,5.3,Gram(s),usable,5.3
1986945,333671,Creatine Monohydrate,5.3,Gram(s),usable,5.3
1986946,333671,Creatine Monohydrate,10.5,Gram(s),usable,10.5
1986957,333672,Creatine Monohydrate,5.3,Gram(s),usable,5.3
1986958,333672,Creatine Monohydrate,10.5,Gram(s),usable,10.5
1987040,333687,Creatine Monohydrate,5000,mg,usable,5.0
1987052,333688,Creatine Monohydrate; Micronized,5000,mg,usable,5.0
1987064,333689,Creatine Monohydrate; Micronized,5000,mg,usable,5.0
1987566,333808,Creatine Monohydrate,1,Gram(s),usable,1.0
1990129,333955,Creatine Monohydrate,5000,mg,usable,5.0
1990175,333961,Creatine Monohydrate,100,mg,usable,0.1
1990291,333975,Creatine Monohydrate,2500,mg,usable,2.5
1990292,333975,Creatine Monohydrate,5000,mg,usable,5.0
1991036,334085,Creatine Monohydrate,5,Gram(s),usable,5.0
1991037,334086,Creatine Monohydrate,5,Gram(s),usable,5.0
1991038,334087,Creatine Monohydrate,5,Gram(s),usable,5.0
1991039,334088,Creatine Monohydrate,5,Gram(s),usable,5.0
1991040,334089,Creatine Monohydrate,5,Gram(s),usable,5.0
1991101,334106,Creatine Monohydrate,500,mg,usable,0.5
323300,33416,Creatine Monohydrate,3000,mg,usable,3.0
323318,33420,Creatine Monohydrate,3000,mg,usable,3.0
1993434,334320,Creatine Monohydrate,5,Gram(s),usable,5.0
1994499,334439,Creatine Monohydrate,3000,mg,usable,3.0
1995105,334571,Creatine Monohydrate,100,mg,usable,0.1
1995128,334572,Creatine Monohydrate,2000,mg,usable,2.0
323902,33480,Creatine Monohydrate,,,missing_amount,
323903,33480,Creatine Monohydrate,,,missing_amount,
1998003,335027,Creatine Monohydrate,5,Gram(s),usable,5.0
1998036,335030,Creatine Monohydrate,2100,mg,usable,2.1
1998051,335031,Creatine Monohydrate,2100,mg,usable,2.1
1998771,335124,Creatine Monohydrate,4,Gram(s),usable,4.0
1998803,335126,Creatine Monohydrate,4,Gram(s),usable,4.0
1998835,335127,Creatine Monohydrate,4,Gram(s),usable,4.0
324576,33539,Creatine Monohydrate,,,missing_amount,
2001181,335554,Creatine Monohydrate,4000,mg,usable,4.0
2001689,335659,Creatine Monohydrate; Micronized,5000,mg,usable,5.0
2001690,335659,Creatine Monohydrate; Micronized,2500,mg,usable,2.5
2001781,335664,Creatine Monohydrate,5,Gram(s),usable,5.0
2001903,335683,Creatine Monohydrate,2500,mg,usable,2.5
2002666,335782,Creatine Monohydrate,5,Gram(s),usable,5.0
325284,33592,OT2 Creatine Monohydrate,1.51,Gram(s),usable,1.51
325311,33592,OT2 Creatine Monohydrate,3.02,Gram(s),usable,3.02
2005974,336326,Creatine Monohydrate,5,Gram(s),usable,5.0
2006038,336362,Creatine Monohydrate,5,Gram(s),usable,5.0
2006262,336391,Creatine Monohydrate,5,Gram(s),usable,5.0
2011947,337322,Creatine Monohydrate,2000,mg,usable,2.0
2011963,337323,Creatine Monohydrate,2000,mg,usable,2.0
2012410,337382,Creatine Monohydrate,3,Gram(s),usable,3.0
2013122,337526,Creatine Monohydrate,3000,mg,usable,3.0
2014101,337726,Creatine Monohydrate,3200,mg,usable,3.2
2014102,337726,Creatine Monohydrate,6400,mg,usable,6.4
2014105,337727,Creatine Monohydrate,6.4,mg,usable,0.0064
2014106,337727,Creatine Monohydrate,3.2,mg,usable,0.0032
2015152,337959,Creatine Monohydrate,5000,mg,usable,5.0
327824,33835,Creatine Monohydrate,7,Gram(s),usable,7.0
327825,33835,Creatine Monohydrate,3.5,Gram(s),usable,3.5
2016401,338468,Creatine Monohydrate,5,Gram(s),usable,5.0
2017052,338853,Creatine Monohydrate,100,mg,usable,0.1
328392,33903,Creatine Monohydrate,,,missing_amount,
2017858,339369,Creatine Monohydrate,5,Gram(s),usable,5.0
2017985,339433,Creatine Monohydrate,3000,mg,usable,3.0
2018120,339538,Creatine Monohydrate,5,Gram(s),usable,5.0
329423,34017,Creatine Monohydrate,,,missing_amount,
330112,34118,Creatine Monohydrate,,,missing_amount,
330146,34119,Creatine Monohydrate,,,missing_amount,
2020096,341498,Creatine Monohydrate,3,Gram(s),usable,3.0
31258,3415,Creatine Monohydrate,,,missing_amount,
31265,3416,Creatine Monohydrate,,,missing_amount,
31272,3417,Creatine Monohydrate,,,missing_amount,
31279,3418,Creatine Monohydrate,,,missing_amount,
31286,3419,Creatine Monohydrate,,,missing_amount,
331715,34235,Creatine Monohydrate,,,missing_amount,
332344,34277,Creatine Monohydrate,,,missing_amount,
332372,34284,Creatine Monohydrate,,,missing_amount,
332386,34285,Creatine Monohydrate,,,missing_amount,
332428,34291,Creatine Monohydrate,5,Gram(s),usable,5.0
332541,34307,Creatine Monohydrate,,,missing_amount,
334728,34669,Creatine Monohydrate,4800,mg,usable,4.8
31986,3505,Creatine Monohydrate,,,missing_amount,
338589,35195,Creatine Monohydrate,,,missing_amount,
339545,35298,Creatine Monohydrate,4800,mg,usable,4.8
32319,3539,Creatine Monohydrate,,,missing_amount,
32377,3540,Creatine Monohydrate,,,missing_amount,
32407,3541,Creatine Monohydrate,,,missing_amount,
32439,3542,Creatine Monohydrate,,,missing_amount,
32470,3543,Creatine Monohydrate,,,missing_amount,
32495,3544,Creatine Monohydrate,,,missing_amount,
32527,3545,Creatine Monohydrate,,,missing_amount,
342392,35615,Creatine Monohydrate,3000,mg,usable,3.0
342433,35617,Creatine Monohydrate,3000,mg,usable,3.0
344758,35905,Creatine Monohydrate,,,missing_amount,
345166,35960,Creatine Monohydrate,,,missing_amount,
345681,35999,Creatine Monohydrate,2.5,Gram(s),usable,2.5
346322,36046,Creatine Monohydrate,3,Gram(s),usable,3.0
33760,3606,micronized Creapure Creatine Monohydrate,5,g,usable,5.0
33780,3611,Creatine Monohydrate,5,g,usable,5.0
348143,36194,Creatine Monohydrate,,,missing_amount,
350713,36441,Creatine Monohydrate,,,missing_amount,
350717,36441,Creatine Monohydrate,,,missing_amount,
34605,3650,Creatine Monohydrate,,,missing_amount,
34724,3654,Creatine Monohydrate,,,missing_amount,
34802,3655,Creatine Monohydrate,,,missing_amount,
354314,36819,Creatine Monohydrate,5000,mg,usable,5.0
354315,36820,Creatine Monohydrate,5000,mg,usable,5.0
354316,36821,Creatine Monohydrate,5000,mg,usable,5.0
354318,36822,Creatine Monohydrate,5000,mg,usable,5.0
354459,36835,Creatine Monohydrate,,,missing_amount,
354509,36838,Creatine Monohydrate,,,missing_amount,
354628,36846,Creatine Monohydrate,5,Gram(s),usable,5.0
354629,36847,Creatine Monohydrate,5,Gram(s),usable,5.0
354677,36869,Creatine Monohydrate,5,Gram(s),usable,5.0
355388,36963,Creatine Monohydrate,,,missing_amount,
355519,36965,Creatine Monohydrate,,,missing_amount,
356304,37020,Creatine Monohydrate,5,Gram(s),usable,5.0
356438,37033,Creatine Monohydrate,5,Gram(s),usable,5.0
356440,37034,Creatine Monohydrate,5,Gram(s),usable,5.0
356650,37052,Creatine Monohydrate,,,missing_amount,
357907,37128,Creatine Monohydrate,,,missing_amount,
357961,37133,Creatine Monohydrate,,,missing_amount,
357999,37135,Creatine Monohydrate,,,missing_amount,
358037,37137,Creatine Monohydrate,,,missing_amount,
358074,37138,Creatine Monohydrate,,,missing_amount,
358114,37139,Creatine Monohydrate,,,missing_amount,
35507,3716,Creatine Monohydrate,,,missing_amount,
358837,37174,Creatine Monohydrate,7,g,usable,7.0
358838,37174,Creatine Monohydrate,3.5,g,usable,3.5
359854,37253,Creatine Monohydrate,,,missing_amount,
360048,37262,Creatine Monohydrate,,,missing_amount,
360090,37264,Creatine Monohydrate,,,missing_amount,
361871,37374,Creatine Monohydrate,,,missing_amount,
362449,37455,Creatine Monohydrate,5,Gram(s),usable,5.0
362451,37456,Creatine Monohydrate,4.5,Gram(s),usable,4.5
362453,37457,Creatine Monohydrate,3.6,Gram(s),usable,3.6
364352,37640,Creatine Monohydrate,1.5,Gram(s),usable,1.5
364363,37642,Creatine Monohydrate,1.5,Gram(s),usable,1.5
364385,37645,Creatine Monohydrate,5,Gram(s),usable,5.0
364386,37646,Creatine Monohydrate,5,Gram(s),usable,5.0
364387,37647,Creatine Monohydrate,5,Gram(s),usable,5.0
364388,37648,Creatine Monohydrate,5,Gram(s),usable,5.0
364392,37649,Creatine Monohydrate,5,Gram(s),usable,5.0
364593,37663,Creatine Monohydrate,,,missing_amount,
364746,37678,Creatine Monohydrate,,,missing_amount,
364815,37679,Creatine Monohydrate,,,missing_amount,
364914,37683,Creatine Monohydrate,,,missing_amount,
365431,37730,Creatine Monohydrate,,,missing_amount,
365505,37733,Creatine Monohydrate,,,missing_amount,
365585,37736,Creatine Monohydrate,,,missing_amount,
365661,37738,Creatine Monohydrate,,,missing_amount,
366121,37778,instantized & micronized Creatine Monohydrate,1000,mg,usable,1.0
366122,37778,instantized & micronized Creatine Monohydrate,2000,mg,usable,2.0
366222,37782,instantized & micronized Creatine Monohydrate,2000,mg,usable,2.0
36207,3798,HPLC Pure Creatine Monohydrate,4200,mg,usable,4.2
368402,38009,Creatine Monohydrate,,,missing_amount,
368514,38013,Creatine Monohydrate,1500,mg,usable,1.5
368515,38013,Creatine Monohydrate,1500,mg,usable,1.5
368569,38014,Creatine Monohydrate,,,missing_amount,
368655,38015,Creatine Monohydrate,1500,mg,usable,1.5
368656,38015,Creatine Monohydrate,1500,mg,usable,1.5
368716,38021,Creatine Monohydrate,5,Gram(s),usable,5.0
368728,38025,Creatine Monohydrate,5,Gram(s),usable,5.0
368758,38030,Creatine Monohydrate,5,Gram(s),usable,5.0
368789,38031,Creatine Monohydrate,1000,mg,usable,1.0
368839,38033,Creatine Monohydrate,1000,mg,usable,1.0
369052,38074,Creatine Monohydrate,1400,mg,usable,1.4
369057,38075,Creatine Monohydrate,1400,mg,usable,1.4
369229,38089,Creatine Monohydrate,,,missing_amount,
369689,38123,Creatine Monohydrate,,,missing_amount,
370325,38165,Creatine Monohydrate,,,missing_amount,
370511,38175,Creatine Monohydrate,,,missing_amount,
370565,38176,Creatine Monohydrate,,,missing_amount,
370619,38177,Creatine Monohydrate,,,missing_amount,
370673,38178,Creatine Monohydrate,,,missing_amount,
370727,38179,Creatine Monohydrate,,,missing_amount,
370808,38181,Creatine Monohydrate,,,missing_amount,
370862,38182,Creatine Monohydrate,,,missing_amount,
370908,38183,Creatine Monohydrate,,,missing_amount,
370930,38185,Creatine Monohydrate,,,missing_amount,
370946,38186,Creatine Monohydrate,,,missing_amount,
371154,38201,Creatine Monohydrate,1400,mg,usable,1.4
371197,38206,Creatine Monohydrate,1400,mg,usable,1.4
371223,38208,Creatine Monohydrate,1400,mg,usable,1.4
371299,38218,Creatine Monohydrate,5.5,Gram(s),usable,5.5
371477,38226,Creatine Monohydrate,5.5,Gram(s),usable,5.5
371995,38258,Creatine Monohydrate,,,missing_amount,
372101,38269,Creatine Monohydrate,,,missing_amount,
372144,38272,Creatine Monohydrate,,,missing_amount,
372184,38273,Creatine Monohydrate,1000,mg,usable,1.0
372202,38275,Creatine Monohydrate,,,missing_amount,
372275,38278,Creatine Monohydrate,1000,mg,usable,1.0
372317,38282,Creatine Monohydrate,1000,mg,usable,1.0
372467,38285,Creatine Monohydrate,1000,mg,usable,1.0
372570,38290,Creatine Monohydrate,1000,mg,usable,1.0
372586,38291,Creatine Monohydrate,2.5,Gram(s),usable,2.5
372619,38292,Creatine Monohydrate,1000,mg,usable,1.0
372652,38294,Creatine Monohydrate,1000,mg,usable,1.0
372668,38295,Creatine Monohydrate,2.5,Gram(s),usable,2.5
373323,38321,Creatine Monohydrate,,,missing_amount,
373347,38322,Creatine Monohydrate,,,missing_amount,
373387,38326,Creatine Monohydrate,2.5,Gram(s),usable,2.5
375828,38498,instantized & micronized Creatine Monohydrate,2000,mg,usable,2.0
375829,38498,instantized & micronized Creatine Monohydrate,1000,mg,usable,1.0
375895,38500,instantized & micronized Creatine Monohydrate,1000,mg,usable,1.0
375896,38500,instantized & micronized Creatine Monohydrate,2000,mg,usable,2.0
377658,38609,Creatine Monohydrate,250,mg,usable,0.25
377701,38613,Creatine Monohydrate,250,mg,usable,0.25
377747,38616,Creatine Monohydrate,312.4,mg,usable,0.3124
378402,38670,Creatine Monohydrate,500,mg,usable,0.5
378496,38673,Creatine Monohydrate,500,mg,usable,0.5
378567,38678,Creatine Monohydrate,625,mg,usable,0.625
378626,38682,Creatine Monohydrate,1,Gram(s),usable,1.0
378800,38690,Creatine Monohydrate,500,mg,usable,0.5
379085,38706,Creatine Monohydrate,2100,mg,usable,2.1
380034,38764,Creatine Monohydrate,1,Gram(s),usable,1.0
385261,39419,Creatine Monohydrate,,,missing_amount,
385889,39470,Creatine Monohydrate,,,missing_amount,
386091,39478,Creatine Monohydrate,,,missing_amount,
386125,39481,Creatine Monohydrate,,,missing_amount,
390120,40122,Creatine Monohydrate,,,missing_amount,
390124,40122,Creatine Monohydrate,,,missing_amount,
38001,4013,Creatine Monohydrate,5000,mg,usable,5.0
38085,4016,Creatine Monohydrate,,,missing_amount,
38086,4016,Creatine Monohydrate,,,missing_amount,
38273,4017,Creatine Monohydrate,,,missing_amount,
38410,4018,Creatine Monohydrate,,,missing_amount,
38624,4020,Creatine Monohydrate,,,missing_amount,
392073,40296,Creatine Monohydrate,5,Gram(s),usable,5.0
392074,40297,Creatine Monohydrate,5,Gram(s),usable,5.0
392075,40298,Creatine Monohydrate,5,Gram(s),usable,5.0
392076,40299,Creatine Monohydrate,4.5,Gram(s),usable,4.5
392077,40300,Creatine Monohydrate,5,Gram(s),usable,5.0
394897,40577,Creatine Monohydrate,,,missing_amount,
394930,40580,Creatine Monohydrate,300,mg,usable,0.3
394963,40582,Creatine Monohydrate,,,missing_amount,
394998,40585,Creatine Monohydrate,300,mg,usable,0.3
398795,41010,Creatine Monohydrate,,,missing_amount,
398796,41010,Creatine Monohydrate,,,missing_amount,
399182,41024,Creatine Monohydrate,,,missing_amount,
399183,41024,Creatine Monohydrate,,,missing_amount,
399226,41026,Creatine Monohydrate,,,missing_amount,
399227,41026,Creatine Monohydrate,,,missing_amount,
399410,41035,Creatine Monohydrate,3,Gram(s),usable,3.0
399411,41035,Creatine Monohydrate,2,Gram(s),usable,2.0
399412,41035,Creatine Monohydrate,1,Gram(s),usable,1.0
399753,41055,Creatine Monohydrate,2,Gram(s),usable,2.0
399754,41055,Creatine Monohydrate,1,Gram(s),usable,1.0
399755,41055,Creatine Monohydrate,3,Gram(s),usable,3.0
399839,41057,Creatine Monohydrate,3,Gram(s),usable,3.0
399840,41057,Creatine Monohydrate,2,Gram(s),usable,2.0
399841,41057,Creatine Monohydrate,1,Gram(s),usable,1.0
399914,41058,Creatine Monohydrate,2,Gram(s),usable,2.0
399915,41058,Creatine Monohydrate,1,Gram(s),usable,1.0
399916,41058,Creatine Monohydrate,3,Gram(s),usable,3.0
400832,41115,Creatine Monohydrate,,,missing_amount,
400887,41117,Creatine Monohydrate,,,missing_amount,
400908,41118,Creatine Monohydrate,,,missing_amount,
401202,41143,Creatine Monohydrate,,,missing_amount,
402378,41218,Creatine Monohydrate,3,Gram(s),usable,3.0
402424,41221,Creatine Monohydrate,3,Gram(s),usable,3.0
402443,41222,Creatine Monohydrate,3,Gram(s),usable,3.0
402462,41223,Creatine Monohydrate,3,Gram(s),usable,3.0
402481,41224,Creatine Monohydrate,3,Gram(s),usable,3.0
402500,41225,Creatine Monohydrate,3,Gram(s),usable,3.0
402520,41226,Creatine Monohydrate,3,Gram(s),usable,3.0
402539,41227,Creatine Monohydrate,3,Gram(s),usable,3.0
404280,41397,Creatine Monohydrate,3,Gram(s),usable,3.0
404609,41443,Creatine Monohydrate,3.6,Gram(s),usable,3.6
405558,41558,Creatine Monohydrate,1500,mg,usable,1.5
405746,41578,Creatine Monohydrate,4000,mg,usable,4.0
405871,41585,Creatine Monohydrate,4000,mg,usable,4.0
406469,41612,Creatine Monohydrate,,,missing_amount,
406473,41612,Creatine Monohydrate,,,missing_amount,
406554,41615,Creatine Monohydrate,,,missing_amount,
406558,41615,Creatine Monohydrate,,,missing_amount,
406614,41616,Creatine Monohydrate,,,missing_amount,
406618,41616,Creatine Monohydrate,,,missing_amount,
406698,41620,Creatine Monohydrate,,,missing_amount,
406702,41620,Creatine Monohydrate,,,missing_amount,
406748,41621,Creatine Monohydrate,,,missing_amount,
406752,41621,Creatine Monohydrate,,,missing_amount,
406887,41627,Creatine Monohydrate,,,missing_amount,
406891,41627,Creatine Monohydrate,,,missing_amount,
406947,41628,Creatine Monohydrate,,,missing_amount,
406951,41628,Creatine Monohydrate,,,missing_amount,
407037,41631,Creatine Monohydrate,3,Gram(s),usable,3.0
407074,41635,Creatine Monohydrate,3,Gram(s),usable,3.0
407236,41646,Creatine Monohydrate,5,Gram(s),usable,5.0
413806,42109,Creatine Monohydrate,10,Gram(s),usable,10.0
413834,42112,Creatine Monohydrate,3.5,Gram(s),usable,3.5
413835,42112,Creatine Monohydrate,7,Gram(s),usable,7.0
413870,42114,Creatine Monohydrate,5,Gram(s),usable,5.0
414135,42145,Creatine Monohydrate,,,missing_amount,
415125,42200,Creatine Monohydrate,,,missing_amount,
415126,42200,Creatine Monohydrate,,,missing_amount,
415395,42222,Creatine Monohydrate,3,Gram(s),usable,3.0
415396,42222,Creatine Monohydrate,6,Gram(s),usable,6.0
415686,42243,Creatine Monohydrate,3,Gram(s),usable,3.0
415687,42243,Creatine Monohydrate,6,Gram(s),usable,6.0
415726,42244,Creatine Monohydrate,3,Gram(s),usable,3.0
415727,42244,Creatine Monohydrate,6,Gram(s),usable,6.0
415766,42245,Creatine Monohydrate,3,Gram(s),usable,3.0
415767,42245,Creatine Monohydrate,6,Gram(s),usable,6.0
416449,42291,Creatine Monohydrate,,,missing_amount,
416496,42293,Creatine Monohydrate,,,missing_amount,
416562,42296,Creatine Monohydrate,3.5,Gram(s),usable,3.5
416563,42296,Creatine Monohydrate,7,Gram(s),usable,7.0
416592,42297,Creatine Monohydrate,3.5,Gram(s),usable,3.5
416593,42297,Creatine Monohydrate,7,Gram(s),usable,7.0
416876,42313,Creatine Monohydrate,3.5,Gram(s),usable,3.5
416877,42313,Creatine Monohydrate,7,Gram(s),usable,7.0
416936,42315,Creatine Monohydrate,3.5,Gram(s),usable,3.5
416937,42315,Creatine Monohydrate,7,Gram(s),usable,7.0
417004,42317,Creatine Monohydrate,7,Gram(s),usable,7.0
417005,42317,Creatine Monohydrate,3.5,Gram(s),usable,3.5
417053,42319,Creatine Monohydrate,7,Gram(s),usable,7.0
417054,42319,Creatine Monohydrate,3.5,Gram(s),usable,3.5
417113,42321,Creatine Monohydrate,7,Gram(s),usable,7.0
417114,42321,Creatine Monohydrate,3.5,Gram(s),usable,3.5
417363,42342,Creatine Monohydrate,,,missing_amount,
417398,42343,Creatine Monohydrate,,,missing_amount,
417425,42344,Creatine Monohydrate,,,missing_amount,
417465,42345,Creatine Monohydrate,,,missing_amount,
418982,42435,Creatine Monohydrate,,,missing_amount,
40353,4245,Creatine Monohydrate,,,missing_amount,
419286,42454,Creatine Monohydrate,,,missing_amount,
419287,42454,Creatine Monohydrate,,,missing_amount,
419605,42466,Creatine Monohydrate,,,missing_amount,
419606,42466,Creatine Monohydrate,,,missing_amount,
422783,42692,Creatine Monohydrate,5000,mg,usable,5.0
422784,42692,Creatine Monohydrate,1667,mg,usable,1.667
423114,42703,Creatine Monohydrate,1667,mg,usable,1.667
423115,42703,Creatine Monohydrate,5000,mg,usable,5.0
40737,4278,Creatine Monohydrate,5.25,g,usable,5.25
424997,42832,Creatine Monohydrate,,,missing_amount,
424998,42832,Creatine Monohydrate,,,missing_amount,
425046,42834,Creatine Monohydrate,,,missing_amount,
425047,42834,Creatine Monohydrate,,,missing_amount,
41089,4292,Creatine Monohydrate,5.25,g,usable,5.25
41105,4296,Creatine Monohydrate,,,missing_amount,
427405,43076,Creatine Monohydrate,5,Gram(s),usable,5.0
427406,43076,Creatine Monohydrate,10,Gram(s),usable,10.0
427407,43076,Creatine Monohydrate,10,Gram(s),usable,10.0
428992,43165,Creatine Monohydrate,,,missing_amount,
429026,43166,Creatine Monohydrate,,,missing_amount,
429060,43167,Creatine Monohydrate,,,missing_amount,
430445,43237,Creatine Monohydrate,10,Gram(s),usable,10.0
430446,43237,Creatine Monohydrate,5,Gram(s),usable,5.0
430447,43237,Creatine Monohydrate,10,Gram(s),usable,10.0
430545,43245,Creatine Monohydrate,5,Gram(s),usable,5.0
430546,43245,Creatine Monohydrate,10,Gram(s),usable,10.0
430547,43245,Creatine Monohydrate,10,Gram(s),usable,10.0
431029,43282,Creatine Monohydrate,,,missing_amount,
431126,43301,Creatine Monohydrate,,,missing_amount,
431164,43303,Creatine Monohydrate,,,missing_amount,
434778,43543,Creatine Monohydrate,500,mg,usable,0.5
435667,43580,Creatine Monohydrate,,,missing_amount,
435892,43586,Creatine Monohydrate,1,Gram(s),usable,1.0
435967,43595,Creatine Monohydrate,1,Gram(s),usable,1.0
435996,43596,Creatine Monohydrate,,,missing_amount,
439744,43759,Creatine Monohydrate,3,Gram(s),usable,3.0
441988,43877,Creatine Monohydrate,3,Gram(s),usable,3.0
442037,43880,Creatine Monohydrate,3,Gram(s),usable,3.0
442080,43882,Creatine Monohydrate,3,Gram(s),usable,3.0
442123,43884,Creatine Monohydrate,3,Gram(s),usable,3.0
442152,43885,Creatine Monohydrate,3,Gram(s),usable,3.0
442184,43887,Creatine Monohydrate,1.5,Gram(s),usable,1.5
442624,43908,Creatine Monohydrate,5.05,Gram(s),usable,5.05
442691,43913,Creatine Monohydrate,5,Gram(s),usable,5.0
442692,43914,Creatine Monohydrate,5,Gram(s),usable,5.0
442754,43918,Creatine Monohydrate,5,Gram(s),usable,5.0
442823,43923,Creatine Monohydrate,1,Gram(s),usable,1.0
442878,43926,Creatine Monohydrate,,,missing_amount,
443554,43962,Creatine Monohydrate,5,Gram(s),usable,5.0
444525,44016,Creatine Monohydrate,,,missing_amount,
449459,44617,Creatine Monohydrate,,,missing_amount,
449544,44621,Creatine Monohydrate,,,missing_amount,
449613,44622,Creatine Monohydrate,,,missing_amount,
449772,44649,Creatine Monohydrate,5,Gram(s),usable,5.0
450655,44741,Creatine Monohydrate,,,missing_amount,
453486,44976,Creatine Monohydrate,1,Gram(s),usable,1.0
453500,44977,Creatine Monohydrate,1,Gram(s),usable,1.0
456250,45151,PharmaFuse(TM) Creatine Monohydrate,2.5,Gram(s),usable,2.5
456251,45151,PharmaFuse(TM) Creatine Monohydrate,2.5,Gram(s),usable,2.5
458092,45300,Creatine Monohydrate,2.5,Gram(s),usable,2.5
458168,45305,Creatine Monohydrate,2.5,Gram(s),usable,2.5
458963,45401,Creatine Monohydrate,1,Gram(s),usable,1.0
458980,45404,Creatine Monohydrate,1,Gram(s),usable,1.0
460076,45485,Creatine Monohydrate,,,missing_amount,
460181,45492,Creatine Monohydrate,,,missing_amount,
460250,45493,Creatine Monohydrate,,,missing_amount,
461441,45691,Creatine Monohydrate,1500,mg,usable,1.5
466118,46098,Creatine Monohydrate,,,missing_amount,
468563,46278,Creatine Monohydrate,5000,mg,usable,5.0
469460,46370,Creatine Monohydrate,,,missing_amount,
469535,46372,Creatine Monohydrate,,,missing_amount,
469619,46374,Creatine Monohydrate,,,missing_amount,
469707,46378,Creatine Monohydrate,,,missing_amount,
469787,46380,Creatine Monohydrate,,,missing_amount,
469855,46381,Creatine Monohydrate,,,missing_amount,
469948,46390,Creatine Monohydrate,5000,mg,usable,5.0
469956,46392,Creatine Monohydrate,5000,mg,usable,5.0
469957,46393,Creatine Monohydrate,5000,mg,usable,5.0
470640,46446,Creatine Monohydrate,,,missing_amount,
470802,46473,Creatine Monohydrate,,,missing_amount,
470898,46484,Creatine Monohydrate,3,Gram(s),usable,3.0
471780,46541,Creatine Monohydrate,,,missing_amount,
474830,46782,Creatine Monohydrate,,,missing_amount,
479173,47165,Creatine Monohydrate,5,Gram(s),usable,5.0
479188,47167,Creatine Monohydrate,5,Gram(s),usable,5.0
479189,47168,Creatine Monohydrate,5,Gram(s),usable,5.0
479903,47229,Creatine Monohydrate,,,missing_amount,
480589,47304,Creatine Monohydrate,1.5,Gram(s),usable,1.5
480590,47304,Creatine Monohydrate,1.5,Gram(s),usable,1.5
480673,47308,Creatine Monohydrate,1.5,Gram(s),usable,1.5
480674,47308,Creatine Monohydrate,1.5,Gram(s),usable,1.5
480735,47309,Creatine Monohydrate,1.5,Gram(s),usable,1.5
480736,47309,Creatine Monohydrate,1.5,Gram(s),usable,1.5
480804,47311,Creatine Monohydrate,1.5,Gram(s),usable,1.5
480805,47311,Creatine Monohydrate,1.5,Gram(s),usable,1.5
480866,47312,Creatine Monohydrate,1.5,Gram(s),usable,1.5
480867,47312,Creatine Monohydrate,1.5,Gram(s),usable,1.5
484839,47741,Creatine Monohydrate,5,Gram(s),usable,5.0
484860,47745,Creatine Monohydrate,5,Gram(s),usable,5.0
485897,47858,Creapure 100% pure Creatine Monohydrate,5,Gram(s),usable,5.0
486885,47914,Creapure 100% pure Creatine Monohydrate,3,Gram(s),usable,3.0
486897,47915,Creapure 100% pure Creatine Monohydrate,3,Gram(s),usable,3.0
487980,47986,Creatine Monohydrate,10,Gram(s),usable,10.0
487981,47986,Creatine Monohydrate,10,Gram(s),usable,10.0
488391,48032,Creatine Monohydrate,3,Gram(s),usable,3.0
488819,48045,Creatine Monohydrate,5000,mg,usable,5.0
489776,48115,Creatine Monohydrate,,,missing_amount,
489852,48121,Creatine Monohydrate,,,missing_amount,
489863,48122,Creatine Monohydrate,,,missing_amount,
489874,48123,Creatine Monohydrate,,,missing_amount,
46592,4841,Creatine Monohydrate,5000,mg,usable,5.0
494814,49503,Creatine Monohydrate,,,missing_amount,
494815,49503,Creatine Monohydrate,,,missing_amount,
494853,49505,Creatine Monohydrate,,,missing_amount,
494854,49505,Creatine Monohydrate,,,missing_amount,
494891,49506,Creatine Monohydrate,,,missing_amount,
494892,49506,Creatine Monohydrate,,,missing_amount,
494929,49507,Creatine Monohydrate,,,missing_amount,
494930,49507,Creatine Monohydrate,,,missing_amount,
47381,4963,Creatine Monohydrate,,,missing_amount,
496507,49630,OT2 Creatine Monohydrate,1.51,Gram(s),usable,1.51
496534,49630,OT2 Creatine Monohydrate,3.02,Gram(s),usable,3.02
47438,4964,Creatine Monohydrate,,,missing_amount,
502259,50024,PharmaFuse(TM) Creatine Monohydrate,2.5,Gram(s),usable,2.5
502260,50024,PharmaFuse(TM) Creatine Monohydrate,2.5,Gram(s),usable,2.5
502359,50025,PharmaFuse(TM) Creatine Monohydrate,3.86,Gram(s),usable,3.86
502360,50025,PharmaFuse(TM) Creatine Monohydrate,3.86,Gram(s),usable,3.86
503996,50102,Creatine Monohydrate,80,mg,usable,0.08
504615,50142,Creatine Monohydrate,1500,mg,usable,1.5
504616,50142,Creatine Monohydrate,1500,mg,usable,1.5
507080,50381,Creatine Monohydrate,3,Gram(s),usable,3.0
507209,50394,Creatine Monohydrate,3,Gram(s),usable,3.0
48475,5041,Creatine Monohydrate,,,missing_amount,
507414,50424,Creatine Monohydrate,5,Gram(s),usable,5.0
507459,50429,Creatine Monohydrate,5,Gram(s),usable,5.0
48526,5045,Creatine Monohydrate,,,missing_amount,
511277,50916,Creatine Monohydrate,3500,mg,usable,3.5
511292,50918,Creatine Monohydrate,5,Gram(s),usable,5.0
511341,50921,Creatine Monohydrate,5,Gram(s),usable,5.0
511811,51016,Creatine Monohydrate,,,missing_amount,
511828,51021,Creatine Monohydrate,2000,mg,usable,2.0
511844,51024,Creatine Monohydrate,4.2,Gram(s),usable,4.2
511999,51071,Creatine Monohydrate,4.2,Gram(s),usable,4.2
512008,51075,Creatine Monohydrate,4.2,Gram(s),usable,4.2
512413,51089,Creatine Monohydrate,,,missing_amount,
512436,51090,Creatine Monohydrate,,,missing_amount,
512459,51091,Creatine Monohydrate,,,missing_amount,
513720,51174,Creatine Monohydrate,2000,mg,usable,2.0
516765,51483,Creatine Monohydrate,2000,mg,usable,2.0
516774,51486,Creatine Monohydrate,2000,mg,usable,2.0
516794,51495,Creatine Monohydrate,2000,mg,usable,2.0
516876,51505,Creatine Monohydrate,,,missing_amount,
516898,51508,Creatine Monohydrate,,,missing_amount,
516908,51510,Creatine Monohydrate,,,missing_amount,
517799,51595,Creatine Monohydrate,,,missing_amount,
518553,51662,Creatine Monohydrate,2000,mg,usable,2.0
518707,51685,Creatine Monohydrate,,,missing_amount,
518766,51695,Creatine Monohydrate,,,missing_amount,
519702,52842,Creapure 100% Ultra Pure Creatine Monohydrate,5,Gram(s),usable,5.0
519934,52880,Creapure 100% pure Creatine Monohydrate,3,Gram(s),usable,3.0
519968,52883,Creapure 100% pure Creatine Monohydrate,3,Gram(s),usable,3.0
520290,52921,Creatine Monohydrate,5000,mg,usable,5.0
520329,52930,Creatine Monohydrate,5000,mg,usable,5.0
520370,52933,Creatine Monohydrate,5000,mg,usable,5.0
520397,52934,Creatine Monohydrate,5000,mg,usable,5.0
520426,52935,Creatine Monohydrate,5000,mg,usable,5.0
51529,5295,Creatine Monohydrate,200,mg,usable,0.2
520855,52978,Creatine Monohydrate,5000,mg,usable,5.0
521370,53043,Creatine Monohydrate,5,Gram(s),usable,5.0
521378,53044,Creatine Monohydrate,3,Gram(s),usable,3.0
521386,53045,Creatine Monohydrate,3,Gram(s),usable,3.0
521394,53046,Creatine Monohydrate,3,Gram(s),usable,3.0
522272,53138,Creatine Monohydrate,,,missing_amount,
522301,53140,Creatine Monohydrate,,,missing_amount,
522328,53141,Creatine Monohydrate,,,missing_amount,
522365,53143,Creatine Monohydrate,,,missing_amount,
522392,53144,Creatine Monohydrate,,,missing_amount,
522784,53180,Creatine Monohydrate,,,missing_amount,
522811,53181,Creatine Monohydrate,,,missing_amount,
522838,53182,Creatine Monohydrate,,,missing_amount,
522865,53183,Creatine Monohydrate,,,missing_amount,
522902,53185,Creatine Monohydrate,,,missing_amount,
522948,53187,Creatine Monohydrate,,,missing_amount,
523155,53200,Creatine Monohydrate,,,missing_amount,
523528,53215,Creatine Monohydrate,,,missing_amount,
523529,53215,Creatine Monohydrate,,,missing_amount,
523743,53225,Creatine Monohydrate,1.5,Gram(s),usable,1.5
523744,53225,Creatine Monohydrate,1.5,Gram(s),usable,1.5
523826,53228,Creatine Monohydrate,1.5,Gram(s),usable,1.5
523827,53228,Creatine Monohydrate,1.5,Gram(s),usable,1.5
523850,53230,Creatine Monohydrate,,,missing_amount,
523877,53231,Creatine Monohydrate,,,missing_amount,
523904,53232,Creatine Monohydrate,,,missing_amount,
524187,53252,Creatine Monohydrate,1.5,Gram(s),usable,1.5
524188,53252,Creatine Monohydrate,1.5,Gram(s),usable,1.5
524259,53255,Creatine Monohydrate,1.5,Gram(s),usable,1.5
524260,53255,Creatine Monohydrate,1.5,Gram(s),usable,1.5
524321,53256,Creatine Monohydrate,1.5,Gram(s),usable,1.5
524322,53256,Creatine Monohydrate,1.5,Gram(s),usable,1.5
524444,53260,Creatine Monohydrate,1.5,Gram(s),usable,1.5
524445,53260,Creatine Monohydrate,1.5,Gram(s),usable,1.5
524516,53262,Creatine Monohydrate,1.5,Gram(s),usable,1.5
524517,53262,Creatine Monohydrate,1.5,Gram(s),usable,1.5
524832,53306,Creatine Monohydrate,1.5,Gram(s),usable,1.5
524833,53306,Creatine Monohydrate,1.5,Gram(s),usable,1.5
524993,53310,Creatine Monohydrate,1.5,Gram(s),usable,1.5
524994,53310,Creatine Monohydrate,1.5,Gram(s),usable,1.5
525065,53311,Creatine Monohydrate,1.5,Gram(s),usable,1.5
525066,53311,Creatine Monohydrate,1.5,Gram(s),usable,1.5
525137,53312,Creatine Monohydrate,1.5,Gram(s),usable,1.5
525138,53312,Creatine Monohydrate,1.5,Gram(s),usable,1.5
525209,53313,Creatine Monohydrate,1.5,Gram(s),usable,1.5
525210,53313,Creatine Monohydrate,1.5,Gram(s),usable,1.5
525424,53335,Creatine Monohydrate,1.5,Gram(s),usable,1.5
525425,53335,Creatine Monohydrate,1.5,Gram(s),usable,1.5
525497,53339,Creatine Monohydrate,1.5,Gram(s),usable,1.5
525498,53339,Creatine Monohydrate,1.5,Gram(s),usable,1.5
525563,53341,Creatine Monohydrate,1.5,Gram(s),usable,1.5
525564,53341,Creatine Monohydrate,1.5,Gram(s),usable,1.5
526163,53421,Creatine Monohydrate,5000,mg,usable,5.0
526210,53426,Creatine Monohydrate,5000,mg,usable,5.0
526257,53431,Creatine Monohydrate,5000,mg,usable,5.0
526286,53432,Creatine Monohydrate,5000,mg,usable,5.0
526331,53434,Creatine Monohydrate,5000,mg,usable,5.0
526433,53442,Creatine Monohydrate,,,missing_amount,
526443,53444,Creatine Monohydrate,5,Gram(s),usable,5.0
526499,53454,Creatine Monohydrate,,,missing_amount,
526529,53455,Creatine Monohydrate,,,missing_amount,
526596,53466,Creatine Monohydrate,,,missing_amount,
532853,54201,Creatine Monohydrate,5,Gram(s),usable,5.0
533048,54246,Creatine Monohydrate,,,missing_amount,
534078,54432,Creatine Monohydrate,2250,mg,usable,2.25
534080,54434,Creatine Monohydrate,2250,mg,usable,2.25
534085,54436,Creatine Monohydrate,5,Gram(s),usable,5.0
534086,54437,Creatine Monohydrate,5,Gram(s),usable,5.0
534267,54447,Creatine Monohydrate,5,Gram(s),usable,5.0
52508,5450,Creatine Monohydrate,750,mg,usable,0.75
27,551,HPLC Pure Creatine Monohydrate,4200,mg,usable,4.2
28,552,HPLC Pure Creatine Monohydrate,5000,mg,usable,5.0
541660,55209,Creatine Monohydrate,5,Gram(s),usable,5.0
29,553,HPLC Pure Creatine Monohydrate,5000,mg,usable,5.0
548092,56070,Creatine Monohydrate,250,mg,usable,0.25
548137,56074,Creatine Monohydrate,250,mg,usable,0.25
548170,56076,Creatine Monohydrate,500,mg,usable,0.5
548237,56081,Creatine Monohydrate,1,Gram(s),usable,1.0
548285,56085,Creatine Monohydrate,625,mg,usable,0.625
548386,56107,Creatine Monohydrate,750,mg,usable,0.75
550361,56255,Creatine Monohydrate,5000,mg,usable,5.0
557633,57177,Creatine Monohydrate,1,Gram(s),usable,1.0
56006,5720,Creatine Monohydrate,4,g,usable,4.0
557885,57207,Creatine Monohydrate,3000,mg,usable,3.0
557911,57209,Creatine Monohydrate,3000,mg,usable,3.0
56015,5721,Creatine Monohydrate,4,g,usable,4.0
557930,57210,Creatine Monohydrate,3000,mg,usable,3.0
557949,57211,Creatine Monohydrate,3000,mg,usable,3.0
558622,57278,Creatine Monohydrate,,,missing_amount,
560449,57442,Creatine Monohydrate,5,Gram(s),usable,5.0
560590,57454,Creatine Monohydrate,,,missing_amount,
560618,57455,Creatine Monohydrate,,,missing_amount,
560648,57456,Creatine Monohydrate,,,missing_amount,
560717,57461,Creatine Monohydrate,2.5,Gram(s),usable,2.5
560722,57463,Creatine Monohydrate,2.5,Gram(s),usable,2.5
560760,57466,Creatine Monohydrate,2.5,Gram(s),usable,2.5
56862,5753,Creatine Monohydrate,,,missing_amount,
57156,5762,Creatine Monohydrate,,,missing_amount,
562620,57651,Creatine Monohydrate,5,Gram(s),usable,5.0
562636,57654,Creatine Monohydrate,,,missing_amount,
562770,57675,Creatine Monohydrate,200,mg,usable,0.2
562860,57688,Creatine Monohydrate,,,missing_amount,
563473,57742,Creatine Monohydrate,5000,mg,usable,5.0
563505,57744,Creatine Monohydrate,5000,mg,usable,5.0
563519,57745,Creatine Monohydrate,5000,mg,usable,5.0
564138,57818,Creatine Monohydrate,,,missing_amount,
564142,57818,Creatine Monohydrate,,,missing_amount,
564212,57823,Creatine Monohydrate,,,missing_amount,
564216,57823,Creatine Monohydrate,,,missing_amount,
564305,57827,Creatine Monohydrate,,,missing_amount,
564309,57827,Creatine Monohydrate,,,missing_amount,
564359,57829,Creatine Monohydrate,,,missing_amount,
564361,57829,Creatine Monohydrate,,,missing_amount,
564428,57830,Creatine Monohydrate,,,missing_amount,
564432,57830,Creatine Monohydrate,,,missing_amount,
565242,57980,HPLC Pure Creatine Monohydrate,5000,mg,usable,5.0
566628,58167,Creatine Monohydrate,1,Gram(s),usable,1.0
566740,58174,Creatine Monohydrate,1,Gram(s),usable,1.0
566747,58175,Creatine Monohydrate,1,Gram(s),usable,1.0
567921,58263,Creatine Monohydrate,5000,mg,usable,5.0
567922,58263,Creatine Monohydrate,2500,mg,usable,2.5
567970,58267,Creatine Monohydrate,5000,mg,usable,5.0
567971,58267,Creatine Monohydrate,2500,mg,usable,2.5
568014,58270,Creatine Monohydrate,2500,mg,usable,2.5
568015,58270,Creatine Monohydrate,5000,mg,usable,5.0
568057,58272,Creatine Monohydrate,2500,mg,usable,2.5
568058,58272,Creatine Monohydrate,5000,mg,usable,5.0
568191,58289,Creatine Monohydrate,2.5,Gram(s),usable,2.5
568537,58319,Creatine Monohydrate,2000,mg,usable,2.0
568538,58319,Creatine Monohydrate,1000,mg,usable,1.0
568593,58323,Creatine Monohydrate,1000,mg,usable,1.0
568594,58323,Creatine Monohydrate,2000,mg,usable,2.0
568647,58324,Creatine Monohydrate,2000,mg,usable,2.0
568648,58324,Creatine Monohydrate,1000,mg,usable,1.0
568701,58325,Creatine Monohydrate,1000,mg,usable,1.0
568702,58325,Creatine Monohydrate,2000,mg,usable,2.0
568738,58326,Creatine Monohydrate,,,missing_amount,
568740,58326,Creatine Monohydrate,,,missing_amount,
568807,58327,Creatine Monohydrate,,,missing_amount,
568811,58327,Creatine Monohydrate,,,missing_amount,
568866,58328,Creatine Monohydrate,,,missing_amount,
568870,58328,Creatine Monohydrate,,,missing_amount,
568926,58335,Creatine Monohydrate,,,missing_amount,
568963,58338,Creatine Monohydrate,,,missing_amount,
568979,58339,Creatine Monohydrate,,,missing_amount,
568995,58340,Creatine Monohydrate,,,missing_amount,
569143,58345,Creatine Monohydrate,1,Gram(s),usable,1.0
569196,58347,Creatine Monohydrate,1,Gram(s),usable,1.0
569250,58349,Creatine Monohydrate,1,Gram(s),usable,1.0
569494,58399,Creatine Monohydrate,,,missing_amount,
569495,58399,Creatine Monohydrate,,,missing_amount,
569620,58408,Creatine Monohydrate,,,missing_amount,
569621,58408,Creatine Monohydrate,,,missing_amount,
570292,58473,Creatine Monohydrate,,,missing_amount,
571745,58620,Creatine Monohydrate,5,Gram(s),usable,5.0
58102,5875,HPLC Pure Creatine Monohydrate,4200,mg,usable,4.2
58103,5876,HPLC Pure Creatine Monohydrate,4200,mg,usable,4.2
573066,58821,Creatine Monohydrate,5,Gram(s),usable,5.0
573177,58830,Creatine Monohydrate,3,Gram(s),usable,3.0
573188,58831,Creatine Monohydrate,3,Gram(s),usable,3.0
573198,58832,Creatine Monohydrate,3,Gram(s),usable,3.0
573202,58835,Creatine Monohydrate,5,Gram(s),usable,5.0
573219,58836,Creatine Monohydrate,,,missing_amount,
573220,58836,Creatine Monohydrate,,,missing_amount,
58516,5909,Creatine Monohydrate,,,missing_amount,
575163,59137,Creatine Monohydrate,5,Gram(s),usable,5.0
580813,59991,Creatine Monohydrate,,,missing_amount,
580830,59991,Creatine Monohydrate,,,missing_amount,
581975,60226,Creatine Monohydrate,,,missing_amount,
581991,60226,Creatine Monohydrate,,,missing_amount,
582509,60331,Creatine Monohydrate,3000,mg,usable,3.0
582560,60337,Creatine Monohydrate,3000,mg,usable,3.0
582824,60365,Creatine Monohydrate,5,Gram(s),usable,5.0
583009,60381,Creatine Monohydrate,2,Gram(s),usable,2.0
585481,60595,Creatine Monohydrate,50,mg,usable,0.05
586662,60698,Creatine Monohydrate,,,missing_amount,
226,615,HPLC Pure Creatine Monohydrate,5250,mg,usable,5.25
595522,62378,Creatine Monohydrate,4000,mg,usable,4.0
595581,62383,Creatine Monohydrate,5,Gram(s),usable,5.0
595583,62385,Creatine Monohydrate,5,Gram(s),usable,5.0
595584,62386,Creatine Monohydrate,5,Gram(s),usable,5.0
595848,62404,Creatine Monohydrate,4.5,Gram(s),usable,4.5
595849,62405,Creatine Monohydrate,4.2,Gram(s),usable,4.2
595850,62406,Creatine Monohydrate,3.6,Gram(s),usable,3.6
597473,62528,Creatine Monohydrate,5000,mg,usable,5.0
597626,62536,Creatine Monohydrate,5000,mg,usable,5.0
597955,62553,Creatine Monohydrate,4,Gram(s),usable,4.0
599544,62704,Creatine Monohydrate,5000,mg,usable,5.0
599792,62712,Creatine Monohydrate,5000,mg,usable,5.0
600974,62787,Creatine Monohydrate,5000,mg,usable,5.0
601003,62788,Creatine Monohydrate,5000,mg,usable,5.0
601549,62853,Creatine Monohydrate,,,missing_amount,
601651,62864,Creatine Monohydrate,,,missing_amount,
602897,62966,Creatine Monohydrate,5000,mg,usable,5.0
603829,63062,Creatine Monohydrate,2.5,Gram(s),usable,2.5
603883,63064,Creatine Monohydrate,2.5,Gram(s),usable,2.5
603944,63067,Creatine Monohydrate,2.5,Gram(s),usable,2.5
604866,63137,Creatine Monohydrate,2.5,Gram(s),usable,2.5
604878,63139,Creatine Monohydrate,2.5,Gram(s),usable,2.5
605008,63149,Creatine Monohydrate,1500,mg,usable,1.5
605208,63173,Creatine Monohydrate,10,Gram(s),usable,10.0
605209,63173,Creatine Monohydrate,10,Gram(s),usable,10.0
605217,63175,HPLC Pure Creatine Monohydrate,4200,mg,usable,4.2
605258,63177,Creatine Monohydrate,3.5,Gram(s),usable,3.5
605259,63177,Creatine Monohydrate,7,Gram(s),usable,7.0
605304,63179,Creatine Monohydrate,7,Gram(s),usable,7.0
605305,63179,Creatine Monohydrate,3.5,Gram(s),usable,3.5
605346,63180,Creatine Monohydrate,7,Gram(s),usable,7.0
605347,63180,Creatine Monohydrate,3.5,Gram(s),usable,3.5
605392,63183,Creatine Monohydrate,7,Gram(s),usable,7.0
605393,63183,Creatine Monohydrate,3.5,Gram(s),usable,3.5
605441,63185,Creatine Monohydrate,10,Gram(s),usable,10.0
605442,63185,Creatine Monohydrate,10,Gram(s),usable,10.0
605481,63186,Creatine Monohydrate,10,Gram(s),usable,10.0
605482,63186,Creatine Monohydrate,10,Gram(s),usable,10.0
605534,63189,Creatine Monohydrate,1667,mg,usable,1.667
605535,63189,Creatine Monohydrate,5000,mg,usable,5.0
605560,63190,Creatine Monohydrate,3,Gram(s),usable,3.0
605899,63219,Creatine Monohydrate,,,missing_amount,
606404,63234,Creatine Monohydrate,,,missing_amount,
606675,63267,Creatine Monohydrate,,,missing_amount,
607014,63279,Creatine Monohydrate,3.5,Gram(s),usable,3.5
607015,63279,Creatine Monohydrate,7,Gram(s),usable,7.0
607156,63309,HPLC Pure Creatine Monohydrate,4200,mg,usable,4.2
607187,63315,HPLC Pure Creatine Monohydrate,5000,mg,usable,5.0
607192,63317,HPLC Pure Creatine Monohydrate,5000,mg,usable,5.0
611265,63629,Creatine Monohydrate,3,Gram(s),usable,3.0
611282,63630,Creatine Monohydrate,3,Gram(s),usable,3.0
611297,63631,Creatine Monohydrate,3,Gram(s),usable,3.0
611313,63632,Creatine Monohydrate,3,Gram(s),usable,3.0
611334,63633,Creatine Monohydrate,,,missing_amount,
611368,63634,Creatine Monohydrate,,,missing_amount,
611722,63676,Creatine Monohydrate,3000,mg,usable,3.0
614754,64032,Creatine Monohydrate,3000,mg,usable,3.0
614927,64047,Creatine Monohydrate,3.2,Gram(s),usable,3.2
615018,64050,Creatine Monohydrate,5,Gram(s),usable,5.0
615387,64075,Creatine Monohydrate,5,Gram(s),usable,5.0
616950,64218,Creatine Monohydrate,1.5,Gram(s),usable,1.5
616977,64220,Creatine Monohydrate,5,Gram(s),usable,5.0
616998,64222,Creatine Monohydrate,5,Gram(s),usable,5.0
616999,64223,Creatine Monohydrate,5,Gram(s),usable,5.0
617015,64225,Creatine Monohydrate,5,Gram(s),usable,5.0
617016,64226,Creatine Monohydrate,5,Gram(s),usable,5.0
617057,64229,Creatine Monohydrate,1.5,Gram(s),usable,1.5
617749,64276,Creatine Monohydrate,5,Gram(s),usable,5.0
617750,64277,Creatine Monohydrate,5,Gram(s),usable,5.0
624346,64731,Creatine Monohydrate,2250,mg,usable,2.25
625548,64867,Creatine Monohydrate,5000,mg,usable,5.0
625557,64871,Creatine Monohydrate,5000,mg,usable,5.0
63757,6497,Creatine Monohydrate,,,missing_amount,
627369,65002,Creatine Monohydrate,5,Gram(s),usable,5.0
63797,6501,Creatine Monohydrate,,,missing_amount,
64037,6514,Creatine Monohydrate,,,missing_amount,
64076,6515,Creatine Monohydrate,,,missing_amount,
64115,6516,Creatine Monohydrate,,,missing_amount,
64154,6517,Creatine Monohydrate,,,missing_amount,
64193,6518,Creatine Monohydrate,,,missing_amount,
64276,6519,Creatine Monohydrate,,,missing_amount,
64277,6519,Creatine Monohydrate,,,missing_amount,
64335,6520,Creatine Monohydrate,,,missing_amount,
64381,6521,Creatine Monohydrate,,,missing_amount,
64428,6522,Creatine Monohydrate,,,missing_amount,
64522,6523,Creatine Monohydrate,,,missing_amount,
64523,6523,Creatine Monohydrate,,,missing_amount,
64622,6524,Creatine Monohydrate,,,missing_amount,
64623,6524,Creatine Monohydrate,,,missing_amount,
64691,6525,Creatine Monohydrate,,,missing_amount,
64750,6526,Creatine Monohydrate,,,missing_amount,
64809,6527,Creatine Monohydrate,,,missing_amount,
64934,6533,Creatine Monohydrate,3000,mg,usable,3.0
64972,6534,Creatine Monohydrate,3000,mg,usable,3.0
630950,65420,Creatine Monohydrate,3000,mg,usable,3.0
631012,65428,Creatine Monohydrate,3,Gram(s),usable,3.0
632759,65570,Creatine Monohydrate,,,missing_amount,
633256,65608,Creatine Monohydrate,5.5,Gram(s),usable,5.5
633626,65625,Creatine Monohydrate,,,missing_amount,
633627,65625,Creatine Monohydrate,,,missing_amount,
65851,6571,Creatine Monohydrate,,,missing_amount,
65910,6572,Creatine Monohydrate,,,missing_amount,
65969,6573,Creatine Monohydrate,,,missing_amount,
66255,6581,Creatine Monohydrate,,,missing_amount,
66314,6582,Creatine Monohydrate,,,missing_amount,
638236,65919,Creatine Monohydrate,,,missing_amount,
638417,65925,Creatine Monohydrate,,,missing_amount,
638552,65928,Creatine Monohydrate,,,missing_amount,
640022,66069,Creatine Monohydrate,,,missing_amount,
640023,66069,Creatine Monohydrate,,,missing_amount,
640971,66230,Creatine Monohydrate,,,missing_amount,
641080,66246,Creatine Monohydrate,,,missing_amount,
641242,66269,Creatine Monohydrate,,,missing_amount,
641281,66271,Creatine Monohydrate,,,missing_amount,
641414,66279,HPLC Pure Creatine Monohydrate,5,Gram(s),usable,5.0
642024,66329,Creatine Monohydrate,5,Gram(s),usable,5.0
642025,66330,Creatine Monohydrate,5,Gram(s),usable,5.0
642175,66340,Creatine Monohydrate,2,Gram(s),usable,2.0
642176,66340,Creatine Monohydrate,1,Gram(s),usable,1.0
642688,66368,Creatine Monohydrate,,,missing_amount,
66608,6637,Creatine Monohydrate,,,missing_amount,
642901,66373,Creatine Monohydrate,,,missing_amount,
642942,66375,Creatine Monohydrate,,,missing_amount,
643861,66423,Creatine Monohydrate,2.5,Gram(s),usable,2.5
644207,66452,Creatine Monohydrate,,,missing_amount,
644255,66456,Creatine Monohydrate,,,missing_amount,
644264,66457,Creatine Monohydrate,,,missing_amount,
644457,66479,Creatine Monohydrate,5000,mg,usable,5.0
644525,66488,Creatine Monohydrate,4.2,Gram(s),usable,4.2
645486,66538,Creatine Monohydrate,3000,mg,usable,3.0
645956,66549,PharmaPure Creatine Monohydrate,2,Gram(s),usable,2.0
645998,66550,PharmaPure Creatine Monohydrate,2,Gram(s),usable,2.0
646040,66551,PharmaPure Creatine Monohydrate,2,Gram(s),usable,2.0
646078,66552,PharmaPure Creatine Monohydrate,2,Gram(s),usable,2.0
646116,66553,PharmaPure Creatine Monohydrate,2,Gram(s),usable,2.0
646154,66554,PharmaPure Creatine Monohydrate,2,Gram(s),usable,2.0
646194,66556,PharmaPure Creatine Monohydrate,2,Gram(s),usable,2.0
646659,66599,PharmaPure Creatine Monohydrate,2,Gram(s),usable,2.0
646697,66600,PharmaPure Creatine Monohydrate,2,Gram(s),usable,2.0
646780,66602,Creatine Monohydrate,5000,mg,usable,5.0
648156,66653,PharmaPure Creatine Monohydrate,2,Gram(s),usable,2.0
648183,66654,PharmaPure Creatine Monohydrate,2,Gram(s),usable,2.0
648224,66655,PharmaPure Creatine Monohydrate,1,Gram(s),usable,1.0
648258,66656,PharmaPure Creatine Monohydrate,2,Gram(s),usable,2.0
649354,66726,Creatine Monohydrate,2000,mg,usable,2.0
649925,66770,Creatine Monohydrate,2,Gram(s),usable,2.0
650030,66776,PharmaPure Creatine Monohydrate,2,Gram(s),usable,2.0
651374,66826,Creatine Monohydrate,5,Gram(s),usable,5.0
651393,66828,Creatine Monohydrate,5,Gram(s),usable,5.0
651996,66851,Creatine Monohydrate,1,Gram(s),usable,1.0
651997,66851,Creatine Monohydrate,500,mg,usable,0.5
652609,66880,Creatine Monohydrate,5000,mg,usable,5.0
652654,66883,Creatine Monohydrate,5000,mg,usable,5.0
652672,66885,Creatine Monohydrate,5000,mg,usable,5.0
652678,66888,Creatine Monohydrate,3.5,Gram(s),usable,3.5
654406,66994,Creatine Monohydrate,5,Gram(s),usable,5.0
654616,67011,Creatine Monohydrate,5,Gram(s),usable,5.0
655918,67128,Creatine Monohydrate,,,missing_amount,
655962,67132,Creatine Monohydrate,,,missing_amount,
656066,67144,Creatine Monohydrate,,,missing_amount,
656067,67144,Creatine Monohydrate,,,missing_amount,
673300,69334,OT2 Creatine Monohydrate,3.02,Gram(s),usable,3.02
673326,69334,OT2 Creatine Monohydrate,1.51,Gram(s),usable,1.51
674553,69400,Creatine Monohydrate,3.5,Gram(s),usable,3.5
677025,69559,Creatine Monohydrate,5,Gram(s),usable,5.0
680945,69816,Creatine Monohydrate,2.5,Gram(s),usable,2.5
682015,69908,Creatine Monohydrate,,,missing_amount,
682028,69909,Creatine Monohydrate,,,missing_amount,
682904,69949,Creatine Monohydrate,,,missing_amount,
684488,70035,Creatine Monohydrate,,,missing_amount,
687638,70290,HPLC Pure Creatine Monohydrate,4200,mg,usable,4.2
688649,70424,Creatine Monohydrate,5,Gram(s),usable,5.0
690089,70574,Creatine Monohydrate,,,missing_amount,
701197,71585,Creatine Monohydrate,2800,mg,usable,2.8
701409,71597,Creatine Monohydrate,5000,mg,usable,5.0
701478,71601,Creatine Monohydrate,5000,mg,usable,5.0
704279,71870,Creatine Monohydrate,5,Gram(s),usable,5.0
708118,72232,Creatine Monohydrate,,,missing_amount,
708211,72246,Creatine Monohydrate,4000,mg,usable,4.0
708212,72247,Creatine Monohydrate,5,Gram(s),usable,5.0
708213,72248,Creatine Monohydrate,5,Gram(s),usable,5.0
708283,72259,Creatine Monohydrate,,,missing_amount,
708289,72260,Creatine Monohydrate,,,missing_amount,
708456,72269,Creatine Monohydrate,,,missing_amount,
709181,72317,Creatine Monohydrate,,,missing_amount,
709293,72323,Creatine Monohydrate,,,missing_amount,
709787,72359,Creatine Monohydrate,,,missing_amount,
709788,72359,Creatine Monohydrate,,,missing_amount,
713897,72852,Creatine Monohydrate,1000,mg,usable,1.0
713917,72857,Creatine Monohydrate,1000,mg,usable,1.0
718069,73253,Creatine Monohydrate,1,Gram(s),usable,1.0
719494,73408,Creatine Monohydrate,5.05,Gram(s),usable,5.05
71270,7342,Creatine Monohydrate,800,mg,usable,0.8
721641,73596,Creatine Monohydrate,5,Gram(s),usable,5.0
722374,73682,Creatine Monohydrate,1.5,Gram(s),usable,1.5
722541,73697,Creatine Monohydrate,3,Gram(s),usable,3.0
722600,73702,Creatine Monohydrate,3,Gram(s),usable,3.0
722631,73703,Creatine Monohydrate,3,Gram(s),usable,3.0
722877,73734,Creatine Monohydrate,3,Gram(s),usable,3.0
722927,73738,Creatine Monohydrate,3,Gram(s),usable,3.0
722958,73739,Creatine Monohydrate,3,Gram(s),usable,3.0
71453,7375,Creatine Monohydrate,6,g,usable,6.0
724803,73942,Creatine Monohydrate,250,mg,usable,0.25
71607,7400,Creatine Monohydrate,6,g,usable,6.0
71617,7402,Creatine Monohydrate,6000,mg,usable,6.0
725527,74029,Creatine Monohydrate,250,mg,usable,0.25
725718,74050,Creatine Monohydrate,94.5,mg,usable,0.0945
725840,74066,Creatine Monohydrate,94,mg,usable,0.094
726061,74094,Creatine Monohydrate,500,mg,usable,0.5
726110,74098,Creatine Monohydrate,500,mg,usable,0.5
726138,74099,Creatine Monohydrate,625,mg,usable,0.625
727053,74151,Creatine Monohydrate,630,mg,usable,0.63
727678,74202,Creatine Monohydrate,5000,mg,usable,5.0
728052,74215,Creatine Monohydrate,500,mg,usable,0.5
728377,74235,Creatine Monohydrate,3000,mg,usable,3.0
728608,74249,Creatine Monohydrate,5000,mg,usable,5.0
728638,74253,Creatine Monohydrate,5000,mg,usable,5.0
728685,74258,Creatine Monohydrate,5000,mg,usable,5.0
728828,74269,Creatine Monohydrate,3000,mg,usable,3.0
728934,74282,Creatine Monohydrate,,,missing_amount,
729283,74307,Creatine Monohydrate,,,missing_amount,
730490,74452,Creatine Monohydrate,5000,mg,usable,5.0
730655,74486,Creatine Monohydrate,5,Gram(s),usable,5.0
734423,74782,Creatine Monohydrate,5,Gram(s),usable,5.0
748841,76012,Creatine Monohydrate,,,missing_amount,
749272,76087,Creatine Monohydrate,,,missing_amount,
751480,76385,Creatine Monohydrate,2100,mg,usable,2.1
752369,76519,Creatine Monohydrate,3000,mg,usable,3.0
752528,76533,Creatine Monohydrate,3000,mg,usable,3.0
752575,76538,Creatine Monohydrate,5,Gram(s),usable,5.0
760684,77263,Creatine Monohydrate,5,Gram(s),usable,5.0
761028,77299,Creatine Monohydrate,5,Gram(s),usable,5.0
761191,77312,Creatine Monohydrate,5,Gram(s),usable,5.0
770099,78281,Creatine Monohydrate,3,Gram(s),usable,3.0
770100,78281,Creatine Monohydrate,1.5,Gram(s),usable,1.5
771688,78425,Creatine Monohydrate,3,Gram(s),usable,3.0
771689,78425,Creatine Monohydrate,1.5,Gram(s),usable,1.5
772003,78468,Creatine Monohydrate,5,Gram(s),usable,5.0
773768,78679,Creatine Monohydrate,5,Gram(s),usable,5.0
773855,78685,Creatine Monohydrate,5,Gram(s),usable,5.0
776533,78906,Creatine Monohydrate,5,Gram(s),usable,5.0
776534,78906,Creatine Monohydrate,10,Gram(s),usable,10.0
776535,78906,Creatine Monohydrate,10,Gram(s),usable,10.0
776966,78935,Creatine Monohydrate,5,Gram(s),usable,5.0
776967,78935,Creatine Monohydrate,10,Gram(s),usable,10.0
776968,78935,Creatine Monohydrate,10,Gram(s),usable,10.0
777060,78950,Creatine Monohydrate,3,Gram(s),usable,3.0
777061,78950,Creatine Monohydrate,1.5,Gram(s),usable,1.5
777427,78978,Creatine Monohydrate,3,Gram(s),usable,3.0
777428,78978,Creatine Monohydrate,1.5,Gram(s),usable,1.5
777533,78988,Creatine Monohydrate,,,missing_amount,
777534,78988,Creatine Monohydrate,,,missing_amount,
777678,78995,Creatine Monohydrate,3,Gram(s),usable,3.0
777679,78995,Creatine Monohydrate,1.5,Gram(s),usable,1.5
778443,79107,Creatine Monohydrate,1.6,Gram(s),usable,1.6
778525,79110,Creatine Monohydrate,3.2,Gram(s),usable,3.2
778526,79110,Creatine Monohydrate,1.6,Gram(s),usable,1.6
779328,79180,Creatine Monohydrate,5,Gram(s),usable,5.0
779917,79241,Creatine Monohydrate,1.5,Gram(s),usable,1.5
779918,79241,Creatine Monohydrate,3,Gram(s),usable,3.0
779959,79243,Creatine Monohydrate,3,Gram(s),usable,3.0
779980,79243,Creatine Monohydrate,1.5,Gram(s),usable,1.5
780107,79262,Creatine Monohydrate,3,Gram(s),usable,3.0
780108,79262,Creatine Monohydrate,1.5,Gram(s),usable,1.5
780381,79298,Creatine Monohydrate,1.5,Gram(s),usable,1.5
780382,79298,Creatine Monohydrate,3,Gram(s),usable,3.0
780440,79300,Creatine Monohydrate,10,Gram(s),usable,10.0
780441,79300,Creatine Monohydrate,10,Gram(s),usable,10.0
780670,79315,Creatine Monohydrate,10,Gram(s),usable,10.0
780671,79315,Creatine Monohydrate,10,Gram(s),usable,10.0
780717,79319,Creatine Monohydrate,10,Gram(s),usable,10.0
780718,79319,Creatine Monohydrate,10,Gram(s),usable,10.0
780765,79322,Creatine Monohydrate,3,Gram(s),usable,3.0
780766,79322,Creatine Monohydrate,1.5,Gram(s),usable,1.5
782207,79457,Creatine Monohydrate,5,Gram(s),usable,5.0
782382,79466,Creatine Monohydrate,5,Gram(s),usable,5.0
782509,79470,Creatine Monohydrate,5,Gram(s),usable,5.0
786779,79802,Creatine Monohydrate,5,Gram(s),usable,5.0
786785,79805,Creatine Monohydrate,5,Gram(s),usable,5.0
788696,79984,Creatine Monohydrate,,,missing_amount,
788813,80005,Creatine Monohydrate,2000,mg,usable,2.0
788828,80008,Creatine Monohydrate,,,missing_amount,
788841,80009,Creatine Monohydrate,2000,mg,usable,2.0
788863,80014,Creatine Monohydrate,,,missing_amount,
789167,80029,Creatine Monohydrate,,,missing_amount,
789184,80031,Creatine Monohydrate,,,missing_amount,
789229,80038,Creatine Monohydrate,,,missing_amount,
790491,80163,Creatine Monohydrate,,,missing_amount,
792439,80317,Creatine Monohydrate,5000,mg,usable,5.0
793888,80454,Creatine Monohydrate,1,Gram(s),usable,1.0
793913,80455,PharmaPure Creatine Monohydrate,2,Gram(s),usable,2.0
793940,80456,Creatine Monohydrate,1,Gram(s),usable,1.0
793990,80459,Creatine Monohydrate,1,Gram(s),usable,1.0
794062,80470,PharmaPure Creatine Monohydrate,2,Gram(s),usable,2.0
794287,80484,PharmaPure Creatine Monohydrate,2,Gram(s),usable,2.0
795806,80574,Creatine Monohydrate,,,missing_amount,
796013,80596,Creatine Monohydrate,,,missing_amount,
796096,80601,Creatine Monohydrate,,,missing_amount,
796368,80617,Creatine Monohydrate,,,missing_amount,
796993,80686,Creatine Monohydrate,1,Gram(s),usable,1.0
797055,80689,Creatine Monohydrate,1,Gram(s),usable,1.0
797062,80690,Creatine Monohydrate,1,Gram(s),usable,1.0
798153,80773,Creatine Monohydrate,1.3,Gram(s),usable,1.3
798314,80793,Creatine Monohydrate,1.3,Gram(s),usable,1.3
798476,80806,Creatine Monohydrate,1.3,Gram(s),usable,1.3
798774,80823,Creatine Monohydrate,1.3,Gram(s),usable,1.3
798851,80831,Creatine Monohydrate,1.3,Gram(s),usable,1.3
798915,80836,Creatine Monohydrate,1.3,Gram(s),usable,1.3
799129,80842,Creatine Monohydrate,1.3,Gram(s),usable,1.3
799263,80850,Creatine Monohydrate,1.3,Gram(s),usable,1.3
799613,80887,Creatine Monohydrate,1.3,Gram(s),usable,1.3
799669,80895,Creatine Monohydrate,1.3,Gram(s),usable,1.3
799737,80902,Creatine Monohydrate,1.3,Gram(s),usable,1.3
799938,80909,Creatine Monohydrate,1.3,Gram(s),usable,1.3
803314,81212,Creatine Monohydrate,5,Gram(s),usable,5.0
804710,81309,PharmaPure Creatine Monohydrate,3,Gram(s),usable,3.0
805924,81451,PharmaPure Creatine Monohydrate,3,Gram(s),usable,3.0
807736,81670,PharmaPure Creatine Monohydrate,2,Gram(s),usable,2.0
807776,81673,PharmaPure Creatine Monohydrate,2,Gram(s),usable,2.0
808782,81761,PharmaPure Creatine Monohydrate,2,Gram(s),usable,2.0
813022,82141,Creatine Monohydrate,49,mg,usable,0.049
821179,82658,Creatine Monohydrate,4800,mg,usable,4.8
824506,82924,Creatine Monohydrate,5000,mg,usable,5.0
824650,82938,Creatine Monohydrate,,,missing_amount,
824695,82945,Creatine Monohydrate,,,missing_amount,
824724,82947,Creatine Monohydrate,,,missing_amount,
824756,82949,Creatine Monohydrate,,,missing_amount,
824772,82950,Creatine Monohydrate,,,missing_amount,
824788,82951,Creatine Monohydrate,,,missing_amount,
825151,83010,Creatine Monohydrate,5,Gram(s),usable,5.0
825152,83011,Creatine Monohydrate,5,Gram(s),usable,5.0
825153,83012,Creatine Monohydrate,5,Gram(s),usable,5.0
825737,83074,Creatine Monohydrate,2.5,Gram(s),usable,2.5
825761,83076,Creatine Monohydrate,2.5,Gram(s),usable,2.5
825970,83097,Creatine Monohydrate,2.5,Gram(s),usable,2.5
825983,83098,Creatine Monohydrate,2.5,Gram(s),usable,2.5
828538,83275,Creatine Monohydrate,,,missing_amount,
90077,9516,Creatine Monohydrate,5,g,usable,5.0
94642,9859,Creatine Monohydrate,,,missing_amount,
94654,9861,Creatine Monohydrate,,,missing_amount,
94667,9863,Creatine Monohydrate,,,missing_amount,
94678,9864,Creatine Monohydrate,,,missing_amount,
94699,9866,Creatine Monohydrate,,,missing_amount,
94992,9885,Creatine Monohydrate,,,missing_amount,
95069,9894,Creatine Monohydrate,,,missing_amount,
95099,9897,Creatine Monohydrate,10,g,usable,10.0
95132,9904,Creatine Monohydrate,10,g,usable,10.0
